Command line invocation:
    /Applications/Xcode_16.2.app/Contents/Developer/usr/bin/xcodebuild clean build -project EmbyVision.xcodeproj -scheme EmbyVision -configuration Release -sdk iphoneos -derivedDataPath build AD_HOC_CODE_SIGNING_ALLOWED=YES CODE_SIGN_IDENTITY=- CODE_SIGNING_REQUIRED=NO CODE_SIGNING_ALLOWED=YES CODE_SIGN_STYLE=Manual COMPILER_INDEX_STORE_ENABLE=NO

User defaults from command line:
    IDEDerivedDataPathOverride = /Users/runner/work/sqkd/sqkd/build
    IDEPackageSupportUseBuiltinSCM = YES

Build settings from command line:
    AD_HOC_CODE_SIGNING_ALLOWED = YES
    CODE_SIGN_IDENTITY = -
    CODE_SIGN_STYLE = Manual
    CODE_SIGNING_ALLOWED = YES
    CODE_SIGNING_REQUIRED = NO
    COMPILER_INDEX_STORE_ENABLE = NO
    SDKROOT = iphoneos18.2

Resolve Package Graph

Fetching from https://github.com/kingslay/KSPlayer.git

Fetching from https://github.com/kingslay/FFmpegKit.git

Creating working copy of package ‘FFmpegKit’

Checking out 6.1.4 of package ‘FFmpegKit’

Creating working copy of package ‘KSPlayer’

Checking out main (af2e26f) of package ‘KSPlayer’

you may be able to install sdl2 using your system-packager:
    brew install sdl2

Resolved source packages:
  KSPlayer: https://github.com/kingslay/KSPlayer.git @ main (af2e26f)
  FFmpegKit: https://github.com/kingslay/FFmpegKit.git @ 6.1.4

--- xcodebuild: WARNING: Using the first of multiple matching destinations:
{ platform:iOS, id:dvtdevice-DVTiPhonePlaceholder-iphoneos:placeholder, name:Any iOS Device }
{ platform:macOS, arch:arm64, variant:Designed for [iPad,iPhone], id:0000FE00-4E3C58738E9617E1, name:My Mac }
{ platform:iOS Simulator, id:dvtdevice-DVTiOSDeviceSimulatorPlaceholder-iphonesimulator:placeholder, name:Any iOS Simulator Device }
{ platform:visionOS Simulator, variant:Designed for [iPad,iPhone], id:6528EA2C-E1FC-4A54-A8F2-68A8CD94B0F1, OS:2.1, name:Apple Vision Pro }
{ platform:visionOS Simulator, variant:Designed for [iPad,iPhone], id:2FE0497B-85F4-4AE2-92C8-89E7B8A4839C, OS:2.2, name:Apple Vision Pro }
{ platform:iOS Simulator, id:094E8ACF-D708-41DF-BBA7-21144CC2836C, OS:17.0.1, name:iPad (10th generation) }
{ platform:iOS Simulator, id:094E8ACF-D708-41DF-BBA7-21144CC2836C, OS:17.0.1, name:iPad (10th generation) }
{ platform:iOS Simulator, id:B637D080-5C40-4C89-8460-EAE597724690, OS:17.2, name:iPad (10th generation) }
{ platform:iOS Simulator, id:B637D080-5C40-4C89-8460-EAE597724690, OS:17.2, name:iPad (10th generation) }
{ platform:iOS Simulator, id:116CBF1F-F16D-46E2-85D7-07D9D1689431, OS:17.4, name:iPad (10th generation) }
{ platform:iOS Simulator, id:116CBF1F-F16D-46E2-85D7-07D9D1689431, OS:17.4, name:iPad (10th generation) }
{ platform:iOS Simulator, id:979E9CD8-2208-458B-B0BA-401C6E8129ED, OS:17.5, name:iPad (10th generation) }
{ platform:iOS Simulator, id:979E9CD8-2208-458B-B0BA-401C6E8129ED, OS:17.5, name:iPad (10th generation) }
{ platform:iOS Simulator, id:88CEBB3E-DCBC-4945-AD2F-EE45AC0A5554, OS:18.1, name:iPad (10th generation) }
{ platform:iOS Simulator, id:88CEBB3E-DCBC-4945-AD2F-EE45AC0A5554, OS:18.1, name:iPad (10th generation) }
{ platform:iOS Simulator, id:94EBF519-C9E5-4A0C-8B0B-5E636A8181C2, OS:18.2, name:iPad (10th generation) }
{ platform:iOS Simulator, id:94EBF519-C9E5-4A0C-8B0B-5E636A8181C2, OS:18.2, name:iPad (10th generation) }
{ platform:iOS Simulator, id:A81D46DE-8B6E-4CAD-9547-2729CF4508B9, OS:17.0.1, name:iPad Air (5th generation) }
{ platform:iOS Simulator, id:A81D46DE-8B6E-4CAD-9547-2729CF4508B9, OS:17.0.1, name:iPad Air (5th generation) }
{ platform:iOS Simulator, id:3AE3FCD8-BC39-478B-9418-77BF9C130BFD, OS:17.2, name:iPad Air (5th generation) }
{ platform:iOS Simulator, id:3AE3FCD8-BC39-478B-9418-77BF9C130BFD, OS:17.2, name:iPad Air (5th generation) }
{ platform:iOS Simulator, id:BED4A38A-10C3-4904-AA62-AA72A6E27B80, OS:17.4, name:iPad Air (5th generation) }
{ platform:iOS Simulator, id:BED4A38A-10C3-4904-AA62-AA72A6E27B80, OS:17.4, name:iPad Air (5th generation) }
{ platform:iOS Simulator, id:D89B48FF-69A7-4B88-B688-86463527D099, OS:17.4, name:iPad Air 11-inch (M2) }
{ platform:iOS Simulator, id:D89B48FF-69A7-4B88-B688-86463527D099, OS:17.4, name:iPad Air 11-inch (M2) }
{ platform:iOS Simulator, id:3880C9EC-7AE9-4EB0-B13C-FD3C915930A7, OS:17.5, name:iPad Air 11-inch (M2) }
{ platform:iOS Simulator, id:3880C9EC-7AE9-4EB0-B13C-FD3C915930A7, OS:17.5, name:iPad Air 11-inch (M2) }
{ platform:iOS Simulator, id:599B3881-8C88-482F-9DEE-33F80B422292, OS:18.1, name:iPad Air 11-inch (M2) }
{ platform:iOS Simulator, id:599B3881-8C88-482F-9DEE-33F80B422292, OS:18.1, name:iPad Air 11-inch (M2) }
{ platform:iOS Simulator, id:4CFD839E-198F-4833-BC58-7023512A4130, OS:18.2, name:iPad Air 11-inch (M2) }
{ platform:iOS Simulator, id:4CFD839E-198F-4833-BC58-7023512A4130, OS:18.2, name:iPad Air 11-inch (M2) }
{ platform:iOS Simulator, id:0BC420C8-7121-47B4-A33C-A18276B97867, OS:17.4, name:iPad Air 13-inch (M2) }
{ platform:iOS Simulator, id:0BC420C8-7121-47B4-A33C-A18276B97867, OS:17.4, name:iPad Air 13-inch (M2) }
{ platform:iOS Simulator, id:496B7861-CF07-4124-BD8F-C7A64CE9E398, OS:17.5, name:iPad Air 13-inch (M2) }
{ platform:iOS Simulator, id:496B7861-CF07-4124-BD8F-C7A64CE9E398, OS:17.5, name:iPad Air 13-inch (M2) }
{ platform:iOS Simulator, id:8DD674A3-6FDF-4103-B4DB-8789CD826507, OS:18.1, name:iPad Air 13-inch (M2) }
{ platform:iOS Simulator, id:8DD674A3-6FDF-4103-B4DB-8789CD826507, OS:18.1, name:iPad Air 13-inch (M2) }
{ platform:iOS Simulator, id:83783939-C64D-465D-93FE-8846C81479EB, OS:18.2, name:iPad Air 13-inch (M2) }
{ platform:iOS Simulator, id:83783939-C64D-465D-93FE-8846C81479EB, OS:18.2, name:iPad Air 13-inch (M2) }
{ platform:iOS Simulator, id:5DC05905-F879-41EF-81E6-8828379E0CB1, OS:17.0.1, name:iPad Pro (11-inch) (4th generation) }
{ platform:iOS Simulator, id:5DC05905-F879-41EF-81E6-8828379E0CB1, OS:17.0.1, name:iPad Pro (11-inch) (4th generation) }
{ platform:iOS Simulator, id:DA660936-7C0A-471B-A495-4A7F9AB8EE54, OS:17.2, name:iPad Pro (11-inch) (4th generation) }
{ platform:iOS Simulator, id:DA660936-7C0A-471B-A495-4A7F9AB8EE54, OS:17.2, name:iPad Pro (11-inch) (4th generation) }
{ platform:iOS Simulator, id:A5E25447-ACEE-4F87-A46F-ED6CA669EA69, OS:17.4, name:iPad Pro (11-inch) (4th generation) }
{ platform:iOS Simulator, id:A5E25447-ACEE-4F87-A46F-ED6CA669EA69, OS:17.4, name:iPad Pro (11-inch) (4th generation) }
{ platform:iOS Simulator, id:ADF3209B-E1D0-48EC-9C0D-AA82F5368970, OS:17.0.1, name:iPad Pro (12.9-inch) (6th generation) }
{ platform:iOS Simulator, id:ADF3209B-E1D0-48EC-9C0D-AA82F5368970, OS:17.0.1, name:iPad Pro (12.9-inch) (6th generation) }
{ platform:iOS Simulator, id:DC7E7698-FE6C-419D-B4AA-589FB68E79E2, OS:17.2, name:iPad Pro (12.9-inch) (6th generation) }
{ platform:iOS Simulator, id:DC7E7698-FE6C-419D-B4AA-589FB68E79E2, OS:17.2, name:iPad Pro (12.9-inch) (6th generation) }
{ platform:iOS Simulator, id:2AA3FD9C-24C4-404B-9289-27036E305031, OS:17.4, name:iPad Pro (12.9-inch) (6th generation) }
{ platform:iOS Simulator, id:2AA3FD9C-24C4-404B-9289-27036E305031, OS:17.4, name:iPad Pro (12.9-inch) (6th generation) }
{ platform:iOS Simulator, id:F88D7811-4EDC-45AD-B83D-2B22EFDE0ABC, OS:17.4, name:iPad Pro 11-inch (M4) }
{ platform:iOS Simulator, id:F88D7811-4EDC-45AD-B83D-2B22EFDE0ABC, OS:17.4, name:iPad Pro 11-inch (M4) }
{ platform:iOS Simulator, id:F85ADD35-038C-452A-B38E-8E2B94E74BE1, OS:17.5, name:iPad Pro 11-inch (M4) }
{ platform:iOS Simulator, id:F85ADD35-038C-452A-B38E-8E2B94E74BE1, OS:17.5, name:iPad Pro 11-inch (M4) }
{ platform:iOS Simulator, id:7FF663D0-59E5-420A-A854-85CBEDFED59B, OS:18.1, name:iPad Pro 11-inch (M4) }
{ platform:iOS Simulator, id:7FF663D0-59E5-420A-A854-85CBEDFED59B, OS:18.1, name:iPad Pro 11-inch (M4) }
{ platform:iOS Simulator, id:433BA3AA-BE2F-4C6B-B6AA-CC218636C26E, OS:18.2, name:iPad Pro 11-inch (M4) }
{ platform:iOS Simulator, id:433BA3AA-BE2F-4C6B-B6AA-CC218636C26E, OS:18.2, name:iPad Pro 11-inch (M4) }
{ platform:iOS Simulator, id:16978ACE-AEDE-40AA-82F3-F17E15D9952F, OS:17.4, name:iPad Pro 13-inch (M4) }
{ platform:iOS Simulator, id:16978ACE-AEDE-40AA-82F3-F17E15D9952F, OS:17.4, name:iPad Pro 13-inch (M4) }
{ platform:iOS Simulator, id:5C07EF61-B143-46D9-9DBB-7D3F1AE4EDE5, OS:17.5, name:iPad Pro 13-inch (M4) }
{ platform:iOS Simulator, id:5C07EF61-B143-46D9-9DBB-7D3F1AE4EDE5, OS:17.5, name:iPad Pro 13-inch (M4) }
{ platform:iOS Simulator, id:3AB2E92A-907F-4FE4-885E-643671DA8A98, OS:18.1, name:iPad Pro 13-inch (M4) }
{ platform:iOS Simulator, id:3AB2E92A-907F-4FE4-885E-643671DA8A98, OS:18.1, name:iPad Pro 13-inch (M4) }
{ platform:iOS Simulator, id:714B5BA1-1993-4875-9A46-1F7553B54EAA, OS:18.2, name:iPad Pro 13-inch (M4) }
{ platform:iOS Simulator, id:714B5BA1-1993-4875-9A46-1F7553B54EAA, OS:18.2, name:iPad Pro 13-inch (M4) }
{ platform:iOS Simulator, id:7EA7755B-B81B-4356-ABE7-3E9232F7B67C, OS:17.0.1, name:iPad mini (6th generation) }
{ platform:iOS Simulator, id:7EA7755B-B81B-4356-ABE7-3E9232F7B67C, OS:17.0.1, name:iPad mini (6th generation) }
{ platform:iOS Simulator, id:357B7607-F928-4A5B-BD24-38A4ADF4DD25, OS:17.2, name:iPad mini (6th generation) }
{ platform:iOS Simulator, id:357B7607-F928-4A5B-BD24-38A4ADF4DD25, OS:17.2, name:iPad mini (6th generation) }
{ platform:iOS Simulator, id:23642F47-678C-4D30-B9DD-ABFF0E574983, OS:17.4, name:iPad mini (6th generation) }
{ platform:iOS Simulator, id:23642F47-678C-4D30-B9DD-ABFF0E574983, OS:17.4, name:iPad mini (6th generation) }
{ platform:iOS Simulator, id:CB5569E5-D12C-4F44-9A39-C8F0274576F6, OS:17.5, name:iPad mini (6th generation) }
{ platform:iOS Simulator, id:CB5569E5-D12C-4F44-9A39-C8F0274576F6, OS:17.5, name:iPad mini (6th generation) }
{ platform:iOS Simulator, id:8C417B9E-5AC0-499B-B339-8C9B858ACE14, OS:18.1, name:iPad mini (A17 Pro) }
{ platform:iOS Simulator, id:8C417B9E-5AC0-499B-B339-8C9B858ACE14, OS:18.1, name:iPad mini (A17 Pro) }
{ platform:iOS Simulator, id:1AE3E85B-8328-4C82-B8C6-EEECB4968991, OS:18.2, name:iPad mini (A17 Pro) }
{ platform:iOS Simulator, id:1AE3E85B-8328-4C82-B8C6-EEECB4968991, OS:18.2, name:iPad mini (A17 Pro) }
{ platform:iOS Simulator, id:0021405E-8418-41AC-BC7C-1DCE3BF68FCD, OS:17.0.1, name:iPhone 15 }
{ platform:iOS Simulator, id:0021405E-8418-41AC-BC7C-1DCE3BF68FCD, OS:17.0.1, name:iPhone 15 }
{ platform:iOS Simulator, id:13FD2836-BA4F-4AA5-B54E-50D124BBAE99, OS:17.2, name:iPhone 15 }
{ platform:iOS Simulator, id:13FD2836-BA4F-4AA5-B54E-50D124BBAE99, OS:17.2, name:iPhone 15 }
{ platform:iOS Simulator, id:63CB9FA1-623A-45D1-B9AA-89B2B10B97F3, OS:17.4, name:iPhone 15 }
{ platform:iOS Simulator, id:63CB9FA1-623A-45D1-B9AA-89B2B10B97F3, OS:17.4, name:iPhone 15 }
{ platform:iOS Simulator, id:287A7916-2BD1-4674-8A22-38756D5658F4, OS:17.5, name:iPhone 15 }
{ platform:iOS Simulator, id:287A7916-2BD1-4674-8A22-38756D5658F4, OS:17.5, name:iPhone 15 }
{ platform:iOS Simulator, id:E8DE5083-20B6-44B7-89B6-2CECE2E5633F, OS:17.0.1, name:iPhone 15 Plus }
{ platform:iOS Simulator, id:E8DE5083-20B6-44B7-89B6-2CECE2E5633F, OS:17.0.1, name:iPhone 15 Plus }
{ platform:iOS Simulator, id:71C38D13-F059-47C7-BCCD-BF6571A6F7F1, OS:17.2, name:iPhone 15 Plus }
{ platform:iOS Simulator, id:71C38D13-F059-47C7-BCCD-BF6571A6F7F1, OS:17.2, name:iPhone 15 Plus }
{ platform:iOS Simulator, id:B952C60F-6A6D-4B96-9764-ACABDAA37051, OS:17.4, name:iPhone 15 Plus }
{ platform:iOS Simulator, id:B952C60F-6A6D-4B96-9764-ACABDAA37051, OS:17.4, name:iPhone 15 Plus }
{ platform:iOS Simulator, id:8888EA89-AFF6-45E8-86DB-D93CEDDA2262, OS:17.5, name:iPhone 15 Plus }
{ platform:iOS Simulator, id:8888EA89-AFF6-45E8-86DB-D93CEDDA2262, OS:17.5, name:iPhone 15 Plus }
{ platform:iOS Simulator, id:F057F93D-2562-418F-AB4C-35C3B965CD8D, OS:17.0.1, name:iPhone 15 Pro }
{ platform:iOS Simulator, id:F057F93D-2562-418F-AB4C-35C3B965CD8D, OS:17.0.1, name:iPhone 15 Pro }
{ platform:iOS Simulator, id:65471791-75F2-4CF5-98DC-DD66F809D095, OS:17.2, name:iPhone 15 Pro }
{ platform:iOS Simulator, id:65471791-75F2-4CF5-98DC-DD66F809D095, OS:17.2, name:iPhone 15 Pro }
{ platform:iOS Simulator, id:B24657D9-26B4-48F5-9D1A-62A84461E1F0, OS:17.4, name:iPhone 15 Pro }
{ platform:iOS Simulator, id:B24657D9-26B4-48F5-9D1A-62A84461E1F0, OS:17.4, name:iPhone 15 Pro }
{ platform:iOS Simulator, id:42725BA4-8A0A-4D90-B272-DB970F21BEA0, OS:17.5, name:iPhone 15 Pro }
{ platform:iOS Simulator, id:42725BA4-8A0A-4D90-B272-DB970F21BEA0, OS:17.5, name:iPhone 15 Pro }
{ platform:iOS Simulator, id:087AF5AE-046A-47BC-9A3A-3939EE1FE321, OS:17.0.1, name:iPhone 15 Pro Max }
{ platform:iOS Simulator, id:087AF5AE-046A-47BC-9A3A-3939EE1FE321, OS:17.0.1, name:iPhone 15 Pro Max }
{ platform:iOS Simulator, id:8C971C09-7334-495D-8245-ADA43AA5E637, OS:17.2, name:iPhone 15 Pro Max }
{ platform:iOS Simulator, id:8C971C09-7334-495D-8245-ADA43AA5E637, OS:17.2, name:iPhone 15 Pro Max }
{ platform:iOS Simulator, id:70B3ADD7-C975-4ED5-9094-A5C3BBAC1D9F, OS:17.4, name:iPhone 15 Pro Max }
{ platform:iOS Simulator, id:70B3ADD7-C975-4ED5-9094-A5C3BBAC1D9F, OS:17.4, name:iPhone 15 Pro Max }
{ platform:iOS Simulator, id:52D2F37C-CA9F-4293-A015-E5DFC3B360A7, OS:17.5, name:iPhone 15 Pro Max }
{ platform:iOS Simulator, id:52D2F37C-CA9F-4293-A015-E5DFC3B360A7, OS:17.5, name:iPhone 15 Pro Max }
{ platform:iOS Simulator, id:E5D65BC2-373C-4724-B290-2F7ED26DE14F, OS:18.1, name:iPhone 16 }
{ platform:iOS Simulator, id:E5D65BC2-373C-4724-B290-2F7ED26DE14F, OS:18.1, name:iPhone 16 }
{ platform:iOS Simulator, id:C5890B99-B633-4FCF-902C-52BB8E932E8D, OS:18.2, name:iPhone 16 }
{ platform:iOS Simulator, id:C5890B99-B633-4FCF-902C-52BB8E932E8D, OS:18.2, name:iPhone 16 }
{ platform:iOS Simulator, id:025E2B05-71A0-40AF-A021-1D9253724244, OS:18.1, name:iPhone 16 Plus }
{ platform:iOS Simulator, id:025E2B05-71A0-40AF-A021-1D9253724244, OS:18.1, name:iPhone 16 Plus }
{ platform:iOS Simulator, id:620D90EA-A00C-454B-B0C4-7D757D85B0DE, OS:18.2, name:iPhone 16 Plus }
{ platform:iOS Simulator, id:620D90EA-A00C-454B-B0C4-7D757D85B0DE, OS:18.2, name:iPhone 16 Plus }
{ platform:iOS Simulator, id:87898CFC-9881-4D80-B2F2-807B97909EDE, OS:18.1, name:iPhone 16 Pro }
{ platform:iOS Simulator, id:87898CFC-9881-4D80-B2F2-807B97909EDE, OS:18.1, name:iPhone 16 Pro }
{ platform:iOS Simulator, id:710F2619-BD89-49F5-859F-33B9C48B36CE, OS:18.2, name:iPhone 16 Pro }
{ platform:iOS Simulator, id:710F2619-BD89-49F5-859F-33B9C48B36CE, OS:18.2, name:iPhone 16 Pro }
{ platform:iOS Simulator, id:FB549212-E828-4FA4-82BE-8CD7185C099B, OS:18.1, name:iPhone 16 Pro Max }
{ platform:iOS Simulator, id:FB549212-E828-4FA4-82BE-8CD7185C099B, OS:18.1, name:iPhone 16 Pro Max }
{ platform:iOS Simulator, id:78A8FD46-29F2-4131-B9D2-EE5B7C4507DF, OS:18.2, name:iPhone 16 Pro Max }
{ platform:iOS Simulator, id:78A8FD46-29F2-4131-B9D2-EE5B7C4507DF, OS:18.2, name:iPhone 16 Pro Max }
{ platform:iOS Simulator, id:207BD571-13EA-4F89-8290-50BA2AD03E2D, OS:17.0.1, name:iPhone SE (3rd generation) }
{ platform:iOS Simulator, id:207BD571-13EA-4F89-8290-50BA2AD03E2D, OS:17.0.1, name:iPhone SE (3rd generation) }
{ platform:iOS Simulator, id:9AE82185-1FB8-49F1-8643-40D1FEFA513A, OS:17.2, name:iPhone SE (3rd generation) }
{ platform:iOS Simulator, id:9AE82185-1FB8-49F1-8643-40D1FEFA513A, OS:17.2, name:iPhone SE (3rd generation) }
{ platform:iOS Simulator, id:AB6BB91B-AAE3-49E4-94CF-D2D6F861E33F, OS:17.4, name:iPhone SE (3rd generation) }
{ platform:iOS Simulator, id:AB6BB91B-AAE3-49E4-94CF-D2D6F861E33F, OS:17.4, name:iPhone SE (3rd generation) }
{ platform:iOS Simulator, id:7217C8FE-3657-4347-BA57-30B1ECAC3B6E, OS:17.5, name:iPhone SE (3rd generation) }
{ platform:iOS Simulator, id:7217C8FE-3657-4347-BA57-30B1ECAC3B6E, OS:17.5, name:iPhone SE (3rd generation) }
{ platform:iOS Simulator, id:CE505324-B3F4-4B42-8BC5-419D92D4505A, OS:18.1, name:iPhone SE (3rd generation) }
{ platform:iOS Simulator, id:CE505324-B3F4-4B42-8BC5-419D92D4505A, OS:18.1, name:iPhone SE (3rd generation) }
{ platform:iOS Simulator, id:4836E8B8-5A29-4F7A-8ED1-5F4C7128F1DA, OS:18.2, name:iPhone SE (3rd generation) }
{ platform:iOS Simulator, id:4836E8B8-5A29-4F7A-8ED1-5F4C7128F1DA, OS:18.2, name:iPhone SE (3rd generation) }
note: Using codesigning identity override: -

** CLEAN SUCCEEDED **

--- xcodebuild: WARNING: Using the first of multiple matching destinations:
{ platform:iOS, id:dvtdevice-DVTiPhonePlaceholder-iphoneos:placeholder, name:Any iOS Device }
{ platform:macOS, arch:arm64, variant:Designed for [iPad,iPhone], id:0000FE00-4E3C58738E9617E1, name:My Mac }
{ platform:iOS Simulator, id:dvtdevice-DVTiOSDeviceSimulatorPlaceholder-iphonesimulator:placeholder, name:Any iOS Simulator Device }
{ platform:visionOS Simulator, variant:Designed for [iPad,iPhone], id:6528EA2C-E1FC-4A54-A8F2-68A8CD94B0F1, OS:2.1, name:Apple Vision Pro }
{ platform:visionOS Simulator, variant:Designed for [iPad,iPhone], id:2FE0497B-85F4-4AE2-92C8-89E7B8A4839C, OS:2.2, name:Apple Vision Pro }
{ platform:iOS Simulator, id:094E8ACF-D708-41DF-BBA7-21144CC2836C, OS:17.0.1, name:iPad (10th generation) }
{ platform:iOS Simulator, id:094E8ACF-D708-41DF-BBA7-21144CC2836C, OS:17.0.1, name:iPad (10th generation) }
{ platform:iOS Simulator, id:B637D080-5C40-4C89-8460-EAE597724690, OS:17.2, name:iPad (10th generation) }
{ platform:iOS Simulator, id:B637D080-5C40-4C89-8460-EAE597724690, OS:17.2, name:iPad (10th generation) }
{ platform:iOS Simulator, id:116CBF1F-F16D-46E2-85D7-07D9D1689431, OS:17.4, name:iPad (10th generation) }
{ platform:iOS Simulator, id:116CBF1F-F16D-46E2-85D7-07D9D1689431, OS:17.4, name:iPad (10th generation) }
{ platform:iOS Simulator, id:979E9CD8-2208-458B-B0BA-401C6E8129ED, OS:17.5, name:iPad (10th generation) }
{ platform:iOS Simulator, id:979E9CD8-2208-458B-B0BA-401C6E8129ED, OS:17.5, name:iPad (10th generation) }
{ platform:iOS Simulator, id:88CEBB3E-DCBC-4945-AD2F-EE45AC0A5554, OS:18.1, name:iPad (10th generation) }
{ platform:iOS Simulator, id:88CEBB3E-DCBC-4945-AD2F-EE45AC0A5554, OS:18.1, name:iPad (10th generation) }
{ platform:iOS Simulator, id:94EBF519-C9E5-4A0C-8B0B-5E636A8181C2, OS:18.2, name:iPad (10th generation) }
{ platform:iOS Simulator, id:94EBF519-C9E5-4A0C-8B0B-5E636A8181C2, OS:18.2, name:iPad (10th generation) }
{ platform:iOS Simulator, id:A81D46DE-8B6E-4CAD-9547-2729CF4508B9, OS:17.0.1, name:iPad Air (5th generation) }
{ platform:iOS Simulator, id:A81D46DE-8B6E-4CAD-9547-2729CF4508B9, OS:17.0.1, name:iPad Air (5th generation) }
{ platform:iOS Simulator, id:3AE3FCD8-BC39-478B-9418-77BF9C130BFD, OS:17.2, name:iPad Air (5th generation) }
{ platform:iOS Simulator, id:3AE3FCD8-BC39-478B-9418-77BF9C130BFD, OS:17.2, name:iPad Air (5th generation) }
{ platform:iOS Simulator, id:BED4A38A-10C3-4904-AA62-AA72A6E27B80, OS:17.4, name:iPad Air (5th generation) }
{ platform:iOS Simulator, id:BED4A38A-10C3-4904-AA62-AA72A6E27B80, OS:17.4, name:iPad Air (5th generation) }
{ platform:iOS Simulator, id:D89B48FF-69A7-4B88-B688-86463527D099, OS:17.4, name:iPad Air 11-inch (M2) }
{ platform:iOS Simulator, id:D89B48FF-69A7-4B88-B688-86463527D099, OS:17.4, name:iPad Air 11-inch (M2) }
{ platform:iOS Simulator, id:3880C9EC-7AE9-4EB0-B13C-FD3C915930A7, OS:17.5, name:iPad Air 11-inch (M2) }
{ platform:iOS Simulator, id:3880C9EC-7AE9-4EB0-B13C-FD3C915930A7, OS:17.5, name:iPad Air 11-inch (M2) }
{ platform:iOS Simulator, id:599B3881-8C88-482F-9DEE-33F80B422292, OS:18.1, name:iPad Air 11-inch (M2) }
{ platform:iOS Simulator, id:599B3881-8C88-482F-9DEE-33F80B422292, OS:18.1, name:iPad Air 11-inch (M2) }
{ platform:iOS Simulator, id:4CFD839E-198F-4833-BC58-7023512A4130, OS:18.2, name:iPad Air 11-inch (M2) }
{ platform:iOS Simulator, id:4CFD839E-198F-4833-BC58-7023512A4130, OS:18.2, name:iPad Air 11-inch (M2) }
{ platform:iOS Simulator, id:0BC420C8-7121-47B4-A33C-A18276B97867, OS:17.4, name:iPad Air 13-inch (M2) }
{ platform:iOS Simulator, id:0BC420C8-7121-47B4-A33C-A18276B97867, OS:17.4, name:iPad Air 13-inch (M2) }
{ platform:iOS Simulator, id:496B7861-CF07-4124-BD8F-C7A64CE9E398, OS:17.5, name:iPad Air 13-inch (M2) }
{ platform:iOS Simulator, id:496B7861-CF07-4124-BD8F-C7A64CE9E398, OS:17.5, name:iPad Air 13-inch (M2) }
{ platform:iOS Simulator, id:8DD674A3-6FDF-4103-B4DB-8789CD826507, OS:18.1, name:iPad Air 13-inch (M2) }
{ platform:iOS Simulator, id:8DD674A3-6FDF-4103-B4DB-8789CD826507, OS:18.1, name:iPad Air 13-inch (M2) }
{ platform:iOS Simulator, id:83783939-C64D-465D-93FE-8846C81479EB, OS:18.2, name:iPad Air 13-inch (M2) }
{ platform:iOS Simulator, id:83783939-C64D-465D-93FE-8846C81479EB, OS:18.2, name:iPad Air 13-inch (M2) }
{ platform:iOS Simulator, id:5DC05905-F879-41EF-81E6-8828379E0CB1, OS:17.0.1, name:iPad Pro (11-inch) (4th generation) }
{ platform:iOS Simulator, id:5DC05905-F879-41EF-81E6-8828379E0CB1, OS:17.0.1, name:iPad Pro (11-inch) (4th generation) }
{ platform:iOS Simulator, id:DA660936-7C0A-471B-A495-4A7F9AB8EE54, OS:17.2, name:iPad Pro (11-inch) (4th generation) }
{ platform:iOS Simulator, id:DA660936-7C0A-471B-A495-4A7F9AB8EE54, OS:17.2, name:iPad Pro (11-inch) (4th generation) }
{ platform:iOS Simulator, id:A5E25447-ACEE-4F87-A46F-ED6CA669EA69, OS:17.4, name:iPad Pro (11-inch) (4th generation) }
{ platform:iOS Simulator, id:A5E25447-ACEE-4F87-A46F-ED6CA669EA69, OS:17.4, name:iPad Pro (11-inch) (4th generation) }
{ platform:iOS Simulator, id:ADF3209B-E1D0-48EC-9C0D-AA82F5368970, OS:17.0.1, name:iPad Pro (12.9-inch) (6th generation) }
{ platform:iOS Simulator, id:ADF3209B-E1D0-48EC-9C0D-AA82F5368970, OS:17.0.1, name:iPad Pro (12.9-inch) (6th generation) }
{ platform:iOS Simulator, id:DC7E7698-FE6C-419D-B4AA-589FB68E79E2, OS:17.2, name:iPad Pro (12.9-inch) (6th generation) }
{ platform:iOS Simulator, id:DC7E7698-FE6C-419D-B4AA-589FB68E79E2, OS:17.2, name:iPad Pro (12.9-inch) (6th generation) }
{ platform:iOS Simulator, id:2AA3FD9C-24C4-404B-9289-27036E305031, OS:17.4, name:iPad Pro (12.9-inch) (6th generation) }
{ platform:iOS Simulator, id:2AA3FD9C-24C4-404B-9289-27036E305031, OS:17.4, name:iPad Pro (12.9-inch) (6th generation) }
{ platform:iOS Simulator, id:F88D7811-4EDC-45AD-B83D-2B22EFDE0ABC, OS:17.4, name:iPad Pro 11-inch (M4) }
{ platform:iOS Simulator, id:F88D7811-4EDC-45AD-B83D-2B22EFDE0ABC, OS:17.4, name:iPad Pro 11-inch (M4) }
{ platform:iOS Simulator, id:F85ADD35-038C-452A-B38E-8E2B94E74BE1, OS:17.5, name:iPad Pro 11-inch (M4) }
{ platform:iOS Simulator, id:F85ADD35-038C-452A-B38E-8E2B94E74BE1, OS:17.5, name:iPad Pro 11-inch (M4) }
{ platform:iOS Simulator, id:7FF663D0-59E5-420A-A854-85CBEDFED59B, OS:18.1, name:iPad Pro 11-inch (M4) }
{ platform:iOS Simulator, id:7FF663D0-59E5-420A-A854-85CBEDFED59B, OS:18.1, name:iPad Pro 11-inch (M4) }
{ platform:iOS Simulator, id:433BA3AA-BE2F-4C6B-B6AA-CC218636C26E, OS:18.2, name:iPad Pro 11-inch (M4) }
{ platform:iOS Simulator, id:433BA3AA-BE2F-4C6B-B6AA-CC218636C26E, OS:18.2, name:iPad Pro 11-inch (M4) }
{ platform:iOS Simulator, id:16978ACE-AEDE-40AA-82F3-F17E15D9952F, OS:17.4, name:iPad Pro 13-inch (M4) }
{ platform:iOS Simulator, id:16978ACE-AEDE-40AA-82F3-F17E15D9952F, OS:17.4, name:iPad Pro 13-inch (M4) }
{ platform:iOS Simulator, id:5C07EF61-B143-46D9-9DBB-7D3F1AE4EDE5, OS:17.5, name:iPad Pro 13-inch (M4) }
{ platform:iOS Simulator, id:5C07EF61-B143-46D9-9DBB-7D3F1AE4EDE5, OS:17.5, name:iPad Pro 13-inch (M4) }
{ platform:iOS Simulator, id:3AB2E92A-907F-4FE4-885E-643671DA8A98, OS:18.1, name:iPad Pro 13-inch (M4) }
{ platform:iOS Simulator, id:3AB2E92A-907F-4FE4-885E-643671DA8A98, OS:18.1, name:iPad Pro 13-inch (M4) }
{ platform:iOS Simulator, id:714B5BA1-1993-4875-9A46-1F7553B54EAA, OS:18.2, name:iPad Pro 13-inch (M4) }
{ platform:iOS Simulator, id:714B5BA1-1993-4875-9A46-1F7553B54EAA, OS:18.2, name:iPad Pro 13-inch (M4) }
{ platform:iOS Simulator, id:7EA7755B-B81B-4356-ABE7-3E9232F7B67C, OS:17.0.1, name:iPad mini (6th generation) }
{ platform:iOS Simulator, id:7EA7755B-B81B-4356-ABE7-3E9232F7B67C, OS:17.0.1, name:iPad mini (6th generation) }
{ platform:iOS Simulator, id:357B7607-F928-4A5B-BD24-38A4ADF4DD25, OS:17.2, name:iPad mini (6th generation) }
{ platform:iOS Simulator, id:357B7607-F928-4A5B-BD24-38A4ADF4DD25, OS:17.2, name:iPad mini (6th generation) }
{ platform:iOS Simulator, id:23642F47-678C-4D30-B9DD-ABFF0E574983, OS:17.4, name:iPad mini (6th generation) }
{ platform:iOS Simulator, id:23642F47-678C-4D30-B9DD-ABFF0E574983, OS:17.4, name:iPad mini (6th generation) }
{ platform:iOS Simulator, id:CB5569E5-D12C-4F44-9A39-C8F0274576F6, OS:17.5, name:iPad mini (6th generation) }
{ platform:iOS Simulator, id:CB5569E5-D12C-4F44-9A39-C8F0274576F6, OS:17.5, name:iPad mini (6th generation) }
{ platform:iOS Simulator, id:8C417B9E-5AC0-499B-B339-8C9B858ACE14, OS:18.1, name:iPad mini (A17 Pro) }
{ platform:iOS Simulator, id:8C417B9E-5AC0-499B-B339-8C9B858ACE14, OS:18.1, name:iPad mini (A17 Pro) }
{ platform:iOS Simulator, id:1AE3E85B-8328-4C82-B8C6-EEECB4968991, OS:18.2, name:iPad mini (A17 Pro) }
{ platform:iOS Simulator, id:1AE3E85B-8328-4C82-B8C6-EEECB4968991, OS:18.2, name:iPad mini (A17 Pro) }
{ platform:iOS Simulator, id:0021405E-8418-41AC-BC7C-1DCE3BF68FCD, OS:17.0.1, name:iPhone 15 }
{ platform:iOS Simulator, id:0021405E-8418-41AC-BC7C-1DCE3BF68FCD, OS:17.0.1, name:iPhone 15 }
{ platform:iOS Simulator, id:13FD2836-BA4F-4AA5-B54E-50D124BBAE99, OS:17.2, name:iPhone 15 }
{ platform:iOS Simulator, id:13FD2836-BA4F-4AA5-B54E-50D124BBAE99, OS:17.2, name:iPhone 15 }
{ platform:iOS Simulator, id:63CB9FA1-623A-45D1-B9AA-89B2B10B97F3, OS:17.4, name:iPhone 15 }
{ platform:iOS Simulator, id:63CB9FA1-623A-45D1-B9AA-89B2B10B97F3, OS:17.4, name:iPhone 15 }
{ platform:iOS Simulator, id:287A7916-2BD1-4674-8A22-38756D5658F4, OS:17.5, name:iPhone 15 }
{ platform:iOS Simulator, id:287A7916-2BD1-4674-8A22-38756D5658F4, OS:17.5, name:iPhone 15 }
{ platform:iOS Simulator, id:E8DE5083-20B6-44B7-89B6-2CECE2E5633F, OS:17.0.1, name:iPhone 15 Plus }
{ platform:iOS Simulator, id:E8DE5083-20B6-44B7-89B6-2CECE2E5633F, OS:17.0.1, name:iPhone 15 Plus }
{ platform:iOS Simulator, id:71C38D13-F059-47C7-BCCD-BF6571A6F7F1, OS:17.2, name:iPhone 15 Plus }
{ platform:iOS Simulator, id:71C38D13-F059-47C7-BCCD-BF6571A6F7F1, OS:17.2, name:iPhone 15 Plus }
{ platform:iOS Simulator, id:B952C60F-6A6D-4B96-9764-ACABDAA37051, OS:17.4, name:iPhone 15 Plus }
{ platform:iOS Simulator, id:B952C60F-6A6D-4B96-9764-ACABDAA37051, OS:17.4, name:iPhone 15 Plus }
{ platform:iOS Simulator, id:8888EA89-AFF6-45E8-86DB-D93CEDDA2262, OS:17.5, name:iPhone 15 Plus }
{ platform:iOS Simulator, id:8888EA89-AFF6-45E8-86DB-D93CEDDA2262, OS:17.5, name:iPhone 15 Plus }
{ platform:iOS Simulator, id:F057F93D-2562-418F-AB4C-35C3B965CD8D, OS:17.0.1, name:iPhone 15 Pro }
{ platform:iOS Simulator, id:F057F93D-2562-418F-AB4C-35C3B965CD8D, OS:17.0.1, name:iPhone 15 Pro }
{ platform:iOS Simulator, id:65471791-75F2-4CF5-98DC-DD66F809D095, OS:17.2, name:iPhone 15 Pro }
{ platform:iOS Simulator, id:65471791-75F2-4CF5-98DC-DD66F809D095, OS:17.2, name:iPhone 15 Pro }
{ platform:iOS Simulator, id:B24657D9-26B4-48F5-9D1A-62A84461E1F0, OS:17.4, name:iPhone 15 Pro }
{ platform:iOS Simulator, id:B24657D9-26B4-48F5-9D1A-62A84461E1F0, OS:17.4, name:iPhone 15 Pro }
{ platform:iOS Simulator, id:42725BA4-8A0A-4D90-B272-DB970F21BEA0, OS:17.5, name:iPhone 15 Pro }
{ platform:iOS Simulator, id:42725BA4-8A0A-4D90-B272-DB970F21BEA0, OS:17.5, name:iPhone 15 Pro }
{ platform:iOS Simulator, id:087AF5AE-046A-47BC-9A3A-3939EE1FE321, OS:17.0.1, name:iPhone 15 Pro Max }
{ platform:iOS Simulator, id:087AF5AE-046A-47BC-9A3A-3939EE1FE321, OS:17.0.1, name:iPhone 15 Pro Max }
{ platform:iOS Simulator, id:8C971C09-7334-495D-8245-ADA43AA5E637, OS:17.2, name:iPhone 15 Pro Max }
{ platform:iOS Simulator, id:8C971C09-7334-495D-8245-ADA43AA5E637, OS:17.2, name:iPhone 15 Pro Max }
{ platform:iOS Simulator, id:70B3ADD7-C975-4ED5-9094-A5C3BBAC1D9F, OS:17.4, name:iPhone 15 Pro Max }
{ platform:iOS Simulator, id:70B3ADD7-C975-4ED5-9094-A5C3BBAC1D9F, OS:17.4, name:iPhone 15 Pro Max }
{ platform:iOS Simulator, id:52D2F37C-CA9F-4293-A015-E5DFC3B360A7, OS:17.5, name:iPhone 15 Pro Max }
{ platform:iOS Simulator, id:52D2F37C-CA9F-4293-A015-E5DFC3B360A7, OS:17.5, name:iPhone 15 Pro Max }
{ platform:iOS Simulator, id:E5D65BC2-373C-4724-B290-2F7ED26DE14F, OS:18.1, name:iPhone 16 }
{ platform:iOS Simulator, id:E5D65BC2-373C-4724-B290-2F7ED26DE14F, OS:18.1, name:iPhone 16 }
{ platform:iOS Simulator, id:C5890B99-B633-4FCF-902C-52BB8E932E8D, OS:18.2, name:iPhone 16 }
{ platform:iOS Simulator, id:C5890B99-B633-4FCF-902C-52BB8E932E8D, OS:18.2, name:iPhone 16 }
{ platform:iOS Simulator, id:025E2B05-71A0-40AF-A021-1D9253724244, OS:18.1, name:iPhone 16 Plus }
{ platform:iOS Simulator, id:025E2B05-71A0-40AF-A021-1D9253724244, OS:18.1, name:iPhone 16 Plus }
{ platform:iOS Simulator, id:620D90EA-A00C-454B-B0C4-7D757D85B0DE, OS:18.2, name:iPhone 16 Plus }
{ platform:iOS Simulator, id:620D90EA-A00C-454B-B0C4-7D757D85B0DE, OS:18.2, name:iPhone 16 Plus }
{ platform:iOS Simulator, id:87898CFC-9881-4D80-B2F2-807B97909EDE, OS:18.1, name:iPhone 16 Pro }
{ platform:iOS Simulator, id:87898CFC-9881-4D80-B2F2-807B97909EDE, OS:18.1, name:iPhone 16 Pro }
{ platform:iOS Simulator, id:710F2619-BD89-49F5-859F-33B9C48B36CE, OS:18.2, name:iPhone 16 Pro }
{ platform:iOS Simulator, id:710F2619-BD89-49F5-859F-33B9C48B36CE, OS:18.2, name:iPhone 16 Pro }
{ platform:iOS Simulator, id:FB549212-E828-4FA4-82BE-8CD7185C099B, OS:18.1, name:iPhone 16 Pro Max }
{ platform:iOS Simulator, id:FB549212-E828-4FA4-82BE-8CD7185C099B, OS:18.1, name:iPhone 16 Pro Max }
{ platform:iOS Simulator, id:78A8FD46-29F2-4131-B9D2-EE5B7C4507DF, OS:18.2, name:iPhone 16 Pro Max }
{ platform:iOS Simulator, id:78A8FD46-29F2-4131-B9D2-EE5B7C4507DF, OS:18.2, name:iPhone 16 Pro Max }
{ platform:iOS Simulator, id:207BD571-13EA-4F89-8290-50BA2AD03E2D, OS:17.0.1, name:iPhone SE (3rd generation) }
{ platform:iOS Simulator, id:207BD571-13EA-4F89-8290-50BA2AD03E2D, OS:17.0.1, name:iPhone SE (3rd generation) }
{ platform:iOS Simulator, id:9AE82185-1FB8-49F1-8643-40D1FEFA513A, OS:17.2, name:iPhone SE (3rd generation) }
{ platform:iOS Simulator, id:9AE82185-1FB8-49F1-8643-40D1FEFA513A, OS:17.2, name:iPhone SE (3rd generation) }
{ platform:iOS Simulator, id:AB6BB91B-AAE3-49E4-94CF-D2D6F861E33F, OS:17.4, name:iPhone SE (3rd generation) }
{ platform:iOS Simulator, id:AB6BB91B-AAE3-49E4-94CF-D2D6F861E33F, OS:17.4, name:iPhone SE (3rd generation) }
{ platform:iOS Simulator, id:7217C8FE-3657-4347-BA57-30B1ECAC3B6E, OS:17.5, name:iPhone SE (3rd generation) }
{ platform:iOS Simulator, id:7217C8FE-3657-4347-BA57-30B1ECAC3B6E, OS:17.5, name:iPhone SE (3rd generation) }
{ platform:iOS Simulator, id:CE505324-B3F4-4B42-8BC5-419D92D4505A, OS:18.1, name:iPhone SE (3rd generation) }
{ platform:iOS Simulator, id:CE505324-B3F4-4B42-8BC5-419D92D4505A, OS:18.1, name:iPhone SE (3rd generation) }
{ platform:iOS Simulator, id:4836E8B8-5A29-4F7A-8ED1-5F4C7128F1DA, OS:18.2, name:iPhone SE (3rd generation) }
{ platform:iOS Simulator, id:4836E8B8-5A29-4F7A-8ED1-5F4C7128F1DA, OS:18.2, name:iPhone SE (3rd generation) }
Prepare packages

note: Using codesigning identity override: -
ComputeTargetDependencyGraph
note: Building targets in dependency order
note: Target dependency graph (7 targets)
    Target 'EmbyVision' in project 'EmbyVision'
        ➜ Explicit dependency on target 'KSPlayer' in project 'KSPlayer'
    Target 'KSPlayer' in project 'KSPlayer'
        ➜ Explicit dependency on target 'KSPlayer' in project 'KSPlayer'
        ➜ Explicit dependency on target 'KSPlayer_KSPlayer' in project 'KSPlayer'
        ➜ Explicit dependency on target 'DisplayCriteria' in project 'KSPlayer'
        ➜ Explicit dependency on target 'FFmpegKit' in project 'FFmpegKit'
    Target 'KSPlayer' in project 'KSPlayer'
        ➜ Explicit dependency on target 'KSPlayer_KSPlayer' in project 'KSPlayer'
        ➜ Explicit dependency on target 'DisplayCriteria' in project 'KSPlayer'
        ➜ Explicit dependency on target 'FFmpegKit' in project 'FFmpegKit'
    Target 'FFmpegKit' in project 'FFmpegKit'
        ➜ Explicit dependency on target 'FFmpegKit' in project 'FFmpegKit'
    Target 'FFmpegKit' in project 'FFmpegKit' (no dependencies)
    Target 'DisplayCriteria' in project 'KSPlayer' (no dependencies)
    Target 'KSPlayer_KSPlayer' in project 'KSPlayer' (no dependencies)

GatherProvisioningInputs

CreateBuildDescription

ExecuteExternalTool /Applications/Xcode_16.2.app/Contents/Developer/Toolchains/XcodeDefault.xctoolchain/usr/bin/clang -v -E -dM -arch arm64 -isysroot /Applications/Xcode_16.2.app/Contents/Developer/Platforms/iPhoneOS.platform/Developer/SDKs/iPhoneOS18.2.sdk -x objective-c -c /dev/null

ExecuteExternalTool /Applications/Xcode_16.2.app/Contents/Developer/Toolchains/XcodeDefault.xctoolchain/usr/bin/clang -v -E -dM -arch arm64 -isysroot /Applications/Xcode_16.2.app/Contents/Developer/Platforms/iPhoneOS.platform/Developer/SDKs/iPhoneOS18.2.sdk -x c -c /dev/null

ExecuteExternalTool /Applications/Xcode_16.2.app/Contents/Developer/Toolchains/XcodeDefault.xctoolchain/usr/bin/swiftc --version

ExecuteExternalTool /Applications/Xcode_16.2.app/Contents/Developer/Toolchains/XcodeDefault.xctoolchain/usr/bin/clang -v -E -dM -isysroot /Applications/Xcode_16.2.app/Contents/Developer/Platforms/iPhoneOS.platform/Developer/SDKs/iPhoneOS18.2.sdk -x c -c /dev/null

ExecuteExternalTool /Applications/Xcode_16.2.app/Contents/Developer/Toolchains/XcodeDefault.xctoolchain/usr/bin/ld -version_details

Build description signature: 3685ffd4fd021c5206eea9b008d3c997
Build description path: /Users/runner/work/sqkd/sqkd/build/Build/Intermediates.noindex/XCBuildData/3685ffd4fd021c5206eea9b008d3c997.xcbuilddata
ClangStatCache /Applications/Xcode_16.2.app/Contents/Developer/Toolchains/XcodeDefault.xctoolchain/usr/bin/clang-stat-cache /Applications/Xcode_16.2.app/Contents/Developer/Platforms/iPhoneOS.platform/Developer/SDKs/iPhoneOS18.2.sdk /Users/runner/work/sqkd/sqkd/build/SDKStatCaches.noindex/iphoneos18.2-22C146-6f6929c68f51360d5ca70a73a7e0c2f9.sdkstatcache
    cd /Users/runner/work/sqkd/sqkd/EmbyVision.xcodeproj
    /Applications/Xcode_16.2.app/Contents/Developer/Toolchains/XcodeDefault.xctoolchain/usr/bin/clang-stat-cache /Applications/Xcode_16.2.app/Contents/Developer/Platforms/iPhoneOS.platform/Developer/SDKs/iPhoneOS18.2.sdk -o /Users/runner/work/sqkd/sqkd/build/SDKStatCaches.noindex/iphoneos18.2-22C146-6f6929c68f51360d5ca70a73a7e0c2f9.sdkstatcache

CreateBuildDirectory /Users/runner/work/sqkd/sqkd/build/Build/Products
    cd /Users/runner/work/sqkd/sqkd/EmbyVision.xcodeproj
    builtin-create-build-directory /Users/runner/work/sqkd/sqkd/build/Build/Products

CreateBuildDirectory /Users/runner/work/sqkd/sqkd/build/Build/Intermediates.noindex
    cd /Users/runner/work/sqkd/sqkd/EmbyVision.xcodeproj
    builtin-create-build-directory /Users/runner/work/sqkd/sqkd/build/Build/Intermediates.noindex

WriteAuxiliaryFile /Users/runner/work/sqkd/sqkd/build/Build/Intermediates.noindex/EmbyVision.build/Release-iphoneos/EmbyVision-a94261eca46f400ebedb95a15f3ee252-VFS-iphoneos/all-product-headers.yaml
    cd /Users/runner/work/sqkd/sqkd/EmbyVision.xcodeproj
    write-file /Users/runner/work/sqkd/sqkd/build/Build/Intermediates.noindex/EmbyVision.build/Release-iphoneos/EmbyVision-a94261eca46f400ebedb95a15f3ee252-VFS-iphoneos/all-product-headers.yaml

CreateBuildDirectory /Users/runner/work/sqkd/sqkd/build/Build/Products/Release-iphoneos
    cd /Users/runner/work/sqkd/sqkd/EmbyVision.xcodeproj
    builtin-create-build-directory /Users/runner/work/sqkd/sqkd/build/Build/Products/Release-iphoneos

CreateBuildDirectory /Users/runner/work/sqkd/sqkd/build/Build/Intermediates.noindex/EagerLinkingTBDs/Release-iphoneos
    cd /Users/runner/work/sqkd/sqkd/EmbyVision.xcodeproj
    builtin-create-build-directory /Users/runner/work/sqkd/sqkd/build/Build/Intermediates.noindex/EagerLinkingTBDs/Release-iphoneos

CreateBuildDirectory /Users/runner/work/sqkd/sqkd/build/Build/Products/Release-iphoneos/PackageFrameworks
    cd /Users/runner/work/sqkd/sqkd/EmbyVision.xcodeproj
    builtin-create-build-directory /Users/runner/work/sqkd/sqkd/build/Build/Products/Release-iphoneos/PackageFrameworks

WriteAuxiliaryFile /Users/runner/work/sqkd/sqkd/build/Build/Intermediates.noindex/KSPlayer.build/Release-iphoneos/KSPlayer_KSPlayer.build/empty-KSPlayer_KSPlayer.plist (in target 'KSPlayer_KSPlayer' from project 'KSPlayer')
    cd /Users/runner/work/sqkd/sqkd/build/SourcePackages/checkouts/KSPlayer
    write-file /Users/runner/work/sqkd/sqkd/build/Build/Intermediates.noindex/KSPlayer.build/Release-iphoneos/KSPlayer_KSPlayer.build/empty-KSPlayer_KSPlayer.plist

WriteAuxiliaryFile /Users/runner/work/sqkd/sqkd/build/Build/Intermediates.noindex/KSPlayer.build/Release-iphoneos/KSPlayer_KSPlayer.build/KSPlayer_KSPlayer.DependencyMetadataFileList (in target 'KSPlayer_KSPlayer' from project 'KSPlayer')
    cd /Users/runner/work/sqkd/sqkd/build/SourcePackages/checkouts/KSPlayer
    write-file /Users/runner/work/sqkd/sqkd/build/Build/Intermediates.noindex/KSPlayer.build/Release-iphoneos/KSPlayer_KSPlayer.build/KSPlayer_KSPlayer.DependencyMetadataFileList

WriteAuxiliaryFile /Users/runner/work/sqkd/sqkd/build/Build/Intermediates.noindex/KSPlayer.build/Release-iphoneos/KSPlayer.build/Objects-normal/arm64/KSPlayer_const_extract_protocols.json (in target 'KSPlayer' from project 'KSPlayer')
    cd /Users/runner/work/sqkd/sqkd/build/SourcePackages/checkouts/KSPlayer
    write-file /Users/runner/work/sqkd/sqkd/build/Build/Intermediates.noindex/KSPlayer.build/Release-iphoneos/KSPlayer.build/Objects-normal/arm64/KSPlayer_const_extract_protocols.json

WriteAuxiliaryFile /Users/runner/work/sqkd/sqkd/build/Build/Intermediates.noindex/KSPlayer.build/Release-iphoneos/KSPlayer.build/Objects-normal/arm64/KSPlayer.SwiftFileList (in target 'KSPlayer' from project 'KSPlayer')
    cd /Users/runner/work/sqkd/sqkd/build/SourcePackages/checkouts/KSPlayer
    write-file /Users/runner/work/sqkd/sqkd/build/Build/Intermediates.noindex/KSPlayer.build/Release-iphoneos/KSPlayer.build/Objects-normal/arm64/KSPlayer.SwiftFileList

WriteAuxiliaryFile /Users/runner/work/sqkd/sqkd/build/Build/Intermediates.noindex/KSPlayer.build/Release-iphoneos/KSPlayer.build/Objects-normal/arm64/KSPlayer.LinkFileList (in target 'KSPlayer' from project 'KSPlayer')
    cd /Users/runner/work/sqkd/sqkd/build/SourcePackages/checkouts/KSPlayer
    write-file /Users/runner/work/sqkd/sqkd/build/Build/Intermediates.noindex/KSPlayer.build/Release-iphoneos/KSPlayer.build/Objects-normal/arm64/KSPlayer.LinkFileList

WriteAuxiliaryFile /Users/runner/work/sqkd/sqkd/build/Build/Intermediates.noindex/KSPlayer.build/Release-iphoneos/KSPlayer.build/Objects-normal/arm64/KSPlayer-OutputFileMap.json (in target 'KSPlayer' from project 'KSPlayer')
    cd /Users/runner/work/sqkd/sqkd/build/SourcePackages/checkouts/KSPlayer
    write-file /Users/runner/work/sqkd/sqkd/build/Build/Intermediates.noindex/KSPlayer.build/Release-iphoneos/KSPlayer.build/Objects-normal/arm64/KSPlayer-OutputFileMap.json

WriteAuxiliaryFile /Users/runner/work/sqkd/sqkd/build/Build/Intermediates.noindex/KSPlayer.build/Release-iphoneos/KSPlayer.build/KSPlayer.modulemap (in target 'KSPlayer' from project 'KSPlayer')
    cd /Users/runner/work/sqkd/sqkd/build/SourcePackages/checkouts/KSPlayer
    write-file /Users/runner/work/sqkd/sqkd/build/Build/Intermediates.noindex/KSPlayer.build/Release-iphoneos/KSPlayer.build/KSPlayer.modulemap

WriteAuxiliaryFile /Users/runner/work/sqkd/sqkd/build/Build/Intermediates.noindex/KSPlayer.build/Release-iphoneos/KSPlayer.build/KSPlayer.DependencyMetadataFileList (in target 'KSPlayer' from project 'KSPlayer')
    cd /Users/runner/work/sqkd/sqkd/build/SourcePackages/checkouts/KSPlayer
    write-file /Users/runner/work/sqkd/sqkd/build/Build/Intermediates.noindex/KSPlayer.build/Release-iphoneos/KSPlayer.build/KSPlayer.DependencyMetadataFileList

WriteAuxiliaryFile /Users/runner/work/sqkd/sqkd/build/Build/Intermediates.noindex/KSPlayer.build/Release-iphoneos/KSPlayer.build/DerivedSources/resource_bundle_accessor.swift (in target 'KSPlayer' from project 'KSPlayer')
    cd /Users/runner/work/sqkd/sqkd/build/SourcePackages/checkouts/KSPlayer
    write-file /Users/runner/work/sqkd/sqkd/build/Build/Intermediates.noindex/KSPlayer.build/Release-iphoneos/KSPlayer.build/DerivedSources/resource_bundle_accessor.swift

WriteAuxiliaryFile /Users/runner/work/sqkd/sqkd/build/Build/Intermediates.noindex/KSPlayer.build/Release-iphoneos/DisplayCriteria.build/Objects-normal/arm64/e6072d4f65d7061329687fe24e3d63a7-common-args.resp (in target 'DisplayCriteria' from project 'KSPlayer')
    cd /Users/runner/work/sqkd/sqkd/build/SourcePackages/checkouts/KSPlayer
    write-file /Users/runner/work/sqkd/sqkd/build/Build/Intermediates.noindex/KSPlayer.build/Release-iphoneos/DisplayCriteria.build/Objects-normal/arm64/e6072d4f65d7061329687fe24e3d63a7-common-args.resp
-target arm64-apple-ios13.0 -fobjc-arc -fmodules -gmodules '-fmodules-cache-path=/Users/runner/work/sqkd/sqkd/build/ModuleCache.noindex' '-fmodule-name=DisplayCriteria' -fpascal-strings -Os -DSWIFT_PACKAGE '-DOBJC_OLD_DISPATCH_PROTOTYPES=1' -isysroot /Applications/Xcode_16.2.app/Contents/Developer/Platforms/iPhoneOS.platform/Developer/SDKs/iPhoneOS18.2.sdk -g -I/Users/runner/work/sqkd/sqkd/build/Build/Products/Release-iphoneos/include -I/Users/runner/work/sqkd/sqkd/build/SourcePackages/checkouts/KSPlayer/Sources/DisplayCriteria/include -I/Users/runner/work/sqkd/sqkd/build/Build/Intermediates.noindex/KSPlayer.build/Release-iphoneos/DisplayCriteria.build/DerivedSources-normal/arm64 -I/Users/runner/work/sqkd/sqkd/build/Build/Intermediates.noindex/KSPlayer.build/Release-iphoneos/DisplayCriteria.build/DerivedSources/arm64 -I/Users/runner/work/sqkd/sqkd/build/Build/Intermediates.noindex/KSPlayer.build/Release-iphoneos/DisplayCriteria.build/DerivedSources -F/Users/runner/work/sqkd/sqkd/build/Build/Products/Release-iphoneos -iframework /Applications/Xcode_16.2.app/Contents/Developer/Platforms/iPhoneOS.platform/Developer/Library/Frameworks -iframework /Applications/Xcode_16.2.app/Contents/Developer/Platforms/iPhoneOS.platform/Developer/SDKs/iPhoneOS18.2.sdk/Developer/Library/Frameworks -DXcode

WriteAuxiliaryFile /Users/runner/work/sqkd/sqkd/build/Build/Intermediates.noindex/KSPlayer.build/Release-iphoneos/DisplayCriteria.build/Objects-normal/arm64/DisplayCriteria.LinkFileList (in target 'DisplayCriteria' from project 'KSPlayer')
    cd /Users/runner/work/sqkd/sqkd/build/SourcePackages/checkouts/KSPlayer
    write-file /Users/runner/work/sqkd/sqkd/build/Build/Intermediates.noindex/KSPlayer.build/Release-iphoneos/DisplayCriteria.build/Objects-normal/arm64/DisplayCriteria.LinkFileList

WriteAuxiliaryFile /Users/runner/work/sqkd/sqkd/build/Build/Intermediates.noindex/KSPlayer.build/Release-iphoneos/DisplayCriteria.build/DisplayCriteria.modulemap (in target 'DisplayCriteria' from project 'KSPlayer')
    cd /Users/runner/work/sqkd/sqkd/build/SourcePackages/checkouts/KSPlayer
    write-file /Users/runner/work/sqkd/sqkd/build/Build/Intermediates.noindex/KSPlayer.build/Release-iphoneos/DisplayCriteria.build/DisplayCriteria.modulemap

WriteAuxiliaryFile /Users/runner/work/sqkd/sqkd/build/Build/Intermediates.noindex/KSPlayer.build/Release-iphoneos/DisplayCriteria.build/DisplayCriteria.DependencyMetadataFileList (in target 'DisplayCriteria' from project 'KSPlayer')
    cd /Users/runner/work/sqkd/sqkd/build/SourcePackages/checkouts/KSPlayer
    write-file /Users/runner/work/sqkd/sqkd/build/Build/Intermediates.noindex/KSPlayer.build/Release-iphoneos/DisplayCriteria.build/DisplayCriteria.DependencyMetadataFileList

MkDir /Users/runner/work/sqkd/sqkd/build/Build/Products/Release-iphoneos/KSPlayer_KSPlayer.bundle (in target 'KSPlayer_KSPlayer' from project 'KSPlayer')
    cd /Users/runner/work/sqkd/sqkd/build/SourcePackages/checkouts/KSPlayer
    /bin/mkdir -p /Users/runner/work/sqkd/sqkd/build/Build/Products/Release-iphoneos/KSPlayer_KSPlayer.bundle

ProcessXCFramework /Users/runner/work/sqkd/sqkd/build/SourcePackages/checkouts/FFmpegKit/Sources/MoltenVK.xcframework /Users/runner/work/sqkd/sqkd/build/Build/Products/Release-iphoneos/libMoltenVK.a ios
    cd /Users/runner/work/sqkd/sqkd/EmbyVision.xcodeproj
    builtin-process-xcframework --xcframework /Users/runner/work/sqkd/sqkd/build/SourcePackages/checkouts/FFmpegKit/Sources/MoltenVK.xcframework --platform ios --target-path /Users/runner/work/sqkd/sqkd/build/Build/Products/Release-iphoneos

Copy /Users/runner/work/sqkd/sqkd/build/Build/Intermediates.noindex/GeneratedModuleMaps-iphoneos/DisplayCriteria.modulemap /Users/runner/work/sqkd/sqkd/build/Build/Intermediates.noindex/KSPlayer.build/Release-iphoneos/DisplayCriteria.build/DisplayCriteria.modulemap (in target 'DisplayCriteria' from project 'KSPlayer')
    cd /Users/runner/work/sqkd/sqkd/build/SourcePackages/checkouts/KSPlayer
    builtin-copy -exclude .DS_Store -exclude CVS -exclude .svn -exclude .git -exclude .hg -strip-unsigned-binaries -strip-deterministic -strip-tool /Applications/Xcode_16.2.app/Contents/Developer/Toolchains/XcodeDefault.xctoolchain/usr/bin/strip -resolve-src-symlinks /Users/runner/work/sqkd/sqkd/build/Build/Intermediates.noindex/KSPlayer.build/Release-iphoneos/DisplayCriteria.build/DisplayCriteria.modulemap /Users/runner/work/sqkd/sqkd/build/Build/Intermediates.noindex/GeneratedModuleMaps-iphoneos

ProcessXCFramework /Users/runner/work/sqkd/sqkd/build/SourcePackages/checkouts/FFmpegKit/Sources/nettle.xcframework /Users/runner/work/sqkd/sqkd/build/Build/Products/Release-iphoneos/nettle.framework ios
    cd /Users/runner/work/sqkd/sqkd/EmbyVision.xcodeproj
    builtin-process-xcframework --xcframework /Users/runner/work/sqkd/sqkd/build/SourcePackages/checkouts/FFmpegKit/Sources/nettle.xcframework --platform ios --target-path /Users/runner/work/sqkd/sqkd/build/Build/Products/Release-iphoneos

ProcessXCFramework /Users/runner/work/sqkd/sqkd/build/SourcePackages/checkouts/FFmpegKit/Sources/libzvbi.xcframework /Users/runner/work/sqkd/sqkd/build/Build/Products/Release-iphoneos/libzvbi.framework ios
    cd /Users/runner/work/sqkd/sqkd/EmbyVision.xcodeproj
    builtin-process-xcframework --xcframework /Users/runner/work/sqkd/sqkd/build/SourcePackages/checkouts/FFmpegKit/Sources/libzvbi.xcframework --platform ios --target-path /Users/runner/work/sqkd/sqkd/build/Build/Products/Release-iphoneos

ProcessXCFramework /Users/runner/work/sqkd/sqkd/build/SourcePackages/checkouts/FFmpegKit/Sources/libsrt.xcframework /Users/runner/work/sqkd/sqkd/build/Build/Products/Release-iphoneos/libsrt.framework ios
    cd /Users/runner/work/sqkd/sqkd/EmbyVision.xcodeproj
    builtin-process-xcframework --xcframework /Users/runner/work/sqkd/sqkd/build/SourcePackages/checkouts/FFmpegKit/Sources/libsrt.xcframework --platform ios --target-path /Users/runner/work/sqkd/sqkd/build/Build/Products/Release-iphoneos

ProcessXCFramework /Users/runner/work/sqkd/sqkd/build/SourcePackages/checkouts/FFmpegKit/Sources/libsmbclient.xcframework /Users/runner/work/sqkd/sqkd/build/Build/Products/Release-iphoneos/libsmbclient.framework ios
    cd /Users/runner/work/sqkd/sqkd/EmbyVision.xcodeproj
    builtin-process-xcframework --xcframework /Users/runner/work/sqkd/sqkd/build/SourcePackages/checkouts/FFmpegKit/Sources/libsmbclient.xcframework --platform ios --target-path /Users/runner/work/sqkd/sqkd/build/Build/Products/Release-iphoneos

ProcessXCFramework /Users/runner/work/sqkd/sqkd/build/SourcePackages/checkouts/FFmpegKit/Sources/libshaderc_combined.xcframework /Users/runner/work/sqkd/sqkd/build/Build/Products/Release-iphoneos/libshaderc_combined.framework ios
    cd /Users/runner/work/sqkd/sqkd/EmbyVision.xcodeproj
    builtin-process-xcframework --xcframework /Users/runner/work/sqkd/sqkd/build/SourcePackages/checkouts/FFmpegKit/Sources/libshaderc_combined.xcframework --platform ios --target-path /Users/runner/work/sqkd/sqkd/build/Build/Products/Release-iphoneos

ProcessXCFramework /Users/runner/work/sqkd/sqkd/build/SourcePackages/checkouts/FFmpegKit/Sources/libplacebo.xcframework /Users/runner/work/sqkd/sqkd/build/Build/Products/Release-iphoneos/libplacebo.framework ios
    cd /Users/runner/work/sqkd/sqkd/EmbyVision.xcodeproj
    builtin-process-xcframework --xcframework /Users/runner/work/sqkd/sqkd/build/SourcePackages/checkouts/FFmpegKit/Sources/libplacebo.xcframework --platform ios --target-path /Users/runner/work/sqkd/sqkd/build/Build/Products/Release-iphoneos

ProcessXCFramework /Users/runner/work/sqkd/sqkd/build/SourcePackages/checkouts/FFmpegKit/Sources/libharfbuzz.xcframework /Users/runner/work/sqkd/sqkd/build/Build/Products/Release-iphoneos/libharfbuzz.framework ios
    cd /Users/runner/work/sqkd/sqkd/EmbyVision.xcodeproj
    builtin-process-xcframework --xcframework /Users/runner/work/sqkd/sqkd/build/SourcePackages/checkouts/FFmpegKit/Sources/libharfbuzz.xcframework --platform ios --target-path /Users/runner/work/sqkd/sqkd/build/Build/Products/Release-iphoneos

ProcessXCFramework /Users/runner/work/sqkd/sqkd/build/SourcePackages/checkouts/FFmpegKit/Sources/libfribidi.xcframework /Users/runner/work/sqkd/sqkd/build/Build/Products/Release-iphoneos/libfribidi.framework ios
    cd /Users/runner/work/sqkd/sqkd/EmbyVision.xcodeproj
    builtin-process-xcframework --xcframework /Users/runner/work/sqkd/sqkd/build/SourcePackages/checkouts/FFmpegKit/Sources/libfribidi.xcframework --platform ios --target-path /Users/runner/work/sqkd/sqkd/build/Build/Products/Release-iphoneos

ProcessXCFramework /Users/runner/work/sqkd/sqkd/build/SourcePackages/checkouts/FFmpegKit/Sources/libfreetype.xcframework /Users/runner/work/sqkd/sqkd/build/Build/Products/Release-iphoneos/libfreetype.framework ios
    cd /Users/runner/work/sqkd/sqkd/EmbyVision.xcodeproj
    builtin-process-xcframework --xcframework /Users/runner/work/sqkd/sqkd/build/SourcePackages/checkouts/FFmpegKit/Sources/libfreetype.xcframework --platform ios --target-path /Users/runner/work/sqkd/sqkd/build/Build/Products/Release-iphoneos

ProcessXCFramework /Users/runner/work/sqkd/sqkd/build/SourcePackages/checkouts/FFmpegKit/Sources/libfontconfig.xcframework /Users/runner/work/sqkd/sqkd/build/Build/Products/Release-iphoneos/libfontconfig.framework ios
    cd /Users/runner/work/sqkd/sqkd/EmbyVision.xcodeproj
    builtin-process-xcframework --xcframework /Users/runner/work/sqkd/sqkd/build/SourcePackages/checkouts/FFmpegKit/Sources/libfontconfig.xcframework --platform ios --target-path /Users/runner/work/sqkd/sqkd/build/Build/Products/Release-iphoneos

ProcessXCFramework /Users/runner/work/sqkd/sqkd/build/SourcePackages/checkouts/FFmpegKit/Sources/libdav1d.xcframework /Users/runner/work/sqkd/sqkd/build/Build/Products/Release-iphoneos/libdav1d.framework ios
    cd /Users/runner/work/sqkd/sqkd/EmbyVision.xcodeproj
    builtin-process-xcframework --xcframework /Users/runner/work/sqkd/sqkd/build/SourcePackages/checkouts/FFmpegKit/Sources/libdav1d.xcframework --platform ios --target-path /Users/runner/work/sqkd/sqkd/build/Build/Products/Release-iphoneos

ProcessXCFramework /Users/runner/work/sqkd/sqkd/build/SourcePackages/checkouts/FFmpegKit/Sources/libass.xcframework /Users/runner/work/sqkd/sqkd/build/Build/Products/Release-iphoneos/libass.framework ios
    cd /Users/runner/work/sqkd/sqkd/EmbyVision.xcodeproj
    builtin-process-xcframework --xcframework /Users/runner/work/sqkd/sqkd/build/SourcePackages/checkouts/FFmpegKit/Sources/libass.xcframework --platform ios --target-path /Users/runner/work/sqkd/sqkd/build/Build/Products/Release-iphoneos

ProcessXCFramework /Users/runner/work/sqkd/sqkd/build/SourcePackages/checkouts/FFmpegKit/Sources/lcms2.xcframework /Users/runner/work/sqkd/sqkd/build/Build/Products/Release-iphoneos/lcms2.framework ios
    cd /Users/runner/work/sqkd/sqkd/EmbyVision.xcodeproj
    builtin-process-xcframework --xcframework /Users/runner/work/sqkd/sqkd/build/SourcePackages/checkouts/FFmpegKit/Sources/lcms2.xcframework --platform ios --target-path /Users/runner/work/sqkd/sqkd/build/Build/Products/Release-iphoneos

ProcessXCFramework /Users/runner/work/sqkd/sqkd/build/SourcePackages/checkouts/FFmpegKit/Sources/hogweed.xcframework /Users/runner/work/sqkd/sqkd/build/Build/Products/Release-iphoneos/hogweed.framework ios
    cd /Users/runner/work/sqkd/sqkd/EmbyVision.xcodeproj
    builtin-process-xcframework --xcframework /Users/runner/work/sqkd/sqkd/build/SourcePackages/checkouts/FFmpegKit/Sources/hogweed.xcframework --platform ios --target-path /Users/runner/work/sqkd/sqkd/build/Build/Products/Release-iphoneos

ProcessXCFramework /Users/runner/work/sqkd/sqkd/build/SourcePackages/checkouts/FFmpegKit/Sources/gnutls.xcframework /Users/runner/work/sqkd/sqkd/build/Build/Products/Release-iphoneos/gnutls.framework ios
    cd /Users/runner/work/sqkd/sqkd/EmbyVision.xcodeproj
    builtin-process-xcframework --xcframework /Users/runner/work/sqkd/sqkd/build/SourcePackages/checkouts/FFmpegKit/Sources/gnutls.xcframework --platform ios --target-path /Users/runner/work/sqkd/sqkd/build/Build/Products/Release-iphoneos

ProcessXCFramework /Users/runner/work/sqkd/sqkd/build/SourcePackages/checkouts/FFmpegKit/Sources/gmp.xcframework /Users/runner/work/sqkd/sqkd/build/Build/Products/Release-iphoneos/gmp.framework ios
    cd /Users/runner/work/sqkd/sqkd/EmbyVision.xcodeproj
    builtin-process-xcframework --xcframework /Users/runner/work/sqkd/sqkd/build/SourcePackages/checkouts/FFmpegKit/Sources/gmp.xcframework --platform ios --target-path /Users/runner/work/sqkd/sqkd/build/Build/Products/Release-iphoneos

ProcessXCFramework /Users/runner/work/sqkd/sqkd/build/SourcePackages/checkouts/FFmpegKit/Sources/Libswscale.xcframework /Users/runner/work/sqkd/sqkd/build/Build/Products/Release-iphoneos/Libswscale.framework ios
    cd /Users/runner/work/sqkd/sqkd/EmbyVision.xcodeproj
    builtin-process-xcframework --xcframework /Users/runner/work/sqkd/sqkd/build/SourcePackages/checkouts/FFmpegKit/Sources/Libswscale.xcframework --platform ios --target-path /Users/runner/work/sqkd/sqkd/build/Build/Products/Release-iphoneos

ProcessXCFramework /Users/runner/work/sqkd/sqkd/build/SourcePackages/checkouts/FFmpegKit/Sources/Libswresample.xcframework /Users/runner/work/sqkd/sqkd/build/Build/Products/Release-iphoneos/Libswresample.framework ios
    cd /Users/runner/work/sqkd/sqkd/EmbyVision.xcodeproj
    builtin-process-xcframework --xcframework /Users/runner/work/sqkd/sqkd/build/SourcePackages/checkouts/FFmpegKit/Sources/Libswresample.xcframework --platform ios --target-path /Users/runner/work/sqkd/sqkd/build/Build/Products/Release-iphoneos

ProcessXCFramework /Users/runner/work/sqkd/sqkd/build/SourcePackages/checkouts/FFmpegKit/Sources/Libavutil.xcframework /Users/runner/work/sqkd/sqkd/build/Build/Products/Release-iphoneos/Libavutil.framework ios
    cd /Users/runner/work/sqkd/sqkd/EmbyVision.xcodeproj
    builtin-process-xcframework --xcframework /Users/runner/work/sqkd/sqkd/build/SourcePackages/checkouts/FFmpegKit/Sources/Libavutil.xcframework --platform ios --target-path /Users/runner/work/sqkd/sqkd/build/Build/Products/Release-iphoneos

ProcessXCFramework /Users/runner/work/sqkd/sqkd/build/SourcePackages/checkouts/FFmpegKit/Sources/Libavformat.xcframework /Users/runner/work/sqkd/sqkd/build/Build/Products/Release-iphoneos/Libavformat.framework ios
    cd /Users/runner/work/sqkd/sqkd/EmbyVision.xcodeproj
    builtin-process-xcframework --xcframework /Users/runner/work/sqkd/sqkd/build/SourcePackages/checkouts/FFmpegKit/Sources/Libavformat.xcframework --platform ios --target-path /Users/runner/work/sqkd/sqkd/build/Build/Products/Release-iphoneos

ProcessXCFramework /Users/runner/work/sqkd/sqkd/build/SourcePackages/checkouts/FFmpegKit/Sources/Libavfilter.xcframework /Users/runner/work/sqkd/sqkd/build/Build/Products/Release-iphoneos/Libavfilter.framework ios
    cd /Users/runner/work/sqkd/sqkd/EmbyVision.xcodeproj
    builtin-process-xcframework --xcframework /Users/runner/work/sqkd/sqkd/build/SourcePackages/checkouts/FFmpegKit/Sources/Libavfilter.xcframework --platform ios --target-path /Users/runner/work/sqkd/sqkd/build/Build/Products/Release-iphoneos

ProcessXCFramework /Users/runner/work/sqkd/sqkd/build/SourcePackages/checkouts/FFmpegKit/Sources/Libavdevice.xcframework /Users/runner/work/sqkd/sqkd/build/Build/Products/Release-iphoneos/Libavdevice.framework ios
    cd /Users/runner/work/sqkd/sqkd/EmbyVision.xcodeproj
    builtin-process-xcframework --xcframework /Users/runner/work/sqkd/sqkd/build/SourcePackages/checkouts/FFmpegKit/Sources/Libavdevice.xcframework --platform ios --target-path /Users/runner/work/sqkd/sqkd/build/Build/Products/Release-iphoneos

ProcessXCFramework /Users/runner/work/sqkd/sqkd/build/SourcePackages/checkouts/FFmpegKit/Sources/Libavcodec.xcframework /Users/runner/work/sqkd/sqkd/build/Build/Products/Release-iphoneos/Libavcodec.framework ios
    cd /Users/runner/work/sqkd/sqkd/EmbyVision.xcodeproj
    builtin-process-xcframework --xcframework /Users/runner/work/sqkd/sqkd/build/SourcePackages/checkouts/FFmpegKit/Sources/Libavcodec.xcframework --platform ios --target-path /Users/runner/work/sqkd/sqkd/build/Build/Products/Release-iphoneos

ProcessInfoPlistFile /Users/runner/work/sqkd/sqkd/build/Build/Products/Release-iphoneos/KSPlayer_KSPlayer.bundle/Info.plist /Users/runner/work/sqkd/sqkd/build/Build/Intermediates.noindex/KSPlayer.build/Release-iphoneos/KSPlayer_KSPlayer.build/empty-KSPlayer_KSPlayer.plist (in target 'KSPlayer_KSPlayer' from project 'KSPlayer')
    cd /Users/runner/work/sqkd/sqkd/build/SourcePackages/checkouts/KSPlayer
    builtin-infoPlistUtility /Users/runner/work/sqkd/sqkd/build/Build/Intermediates.noindex/KSPlayer.build/Release-iphoneos/KSPlayer_KSPlayer.build/empty-KSPlayer_KSPlayer.plist -producttype com.apple.product-type.bundle -expandbuildsettings -format binary -platform iphoneos -requiredArchitecture arm64 -o /Users/runner/work/sqkd/sqkd/build/Build/Products/Release-iphoneos/KSPlayer_KSPlayer.bundle/Info.plist

CompileMetalFile /Users/runner/work/sqkd/sqkd/build/SourcePackages/checkouts/KSPlayer/Sources/KSPlayer/Metal/Shaders.metal (in target 'KSPlayer_KSPlayer' from project 'KSPlayer')
    cd /Users/runner/work/sqkd/sqkd/build/SourcePackages/checkouts/KSPlayer
    /Applications/Xcode_16.2.app/Contents/Developer/Toolchains/XcodeDefault.xctoolchain/usr/bin/metal -c -target air64-apple-ios13.0 -I/Users/runner/work/sqkd/sqkd/build/Build/Products/Release-iphoneos/include -F/Users/runner/work/sqkd/sqkd/build/Build/Products/Release-iphoneos -isysroot /Applications/Xcode_16.2.app/Contents/Developer/Platforms/iPhoneOS.platform/Developer/SDKs/iPhoneOS18.2.sdk -fmetal-math-mode\=fast -fmetal-math-fp32-functions\=fast -serialize-diagnostics /Users/runner/work/sqkd/sqkd/build/Build/Intermediates.noindex/KSPlayer.build/Release-iphoneos/KSPlayer_KSPlayer.build/Metal/Shaders.dia -o /Users/runner/work/sqkd/sqkd/build/Build/Intermediates.noindex/KSPlayer.build/Release-iphoneos/KSPlayer_KSPlayer.build/Metal/Shaders.air -MMD -MT dependencies -MF /Users/runner/work/sqkd/sqkd/build/Build/Intermediates.noindex/KSPlayer.build/Release-iphoneos/KSPlayer_KSPlayer.build/Metal/Shaders.dat /Users/runner/work/sqkd/sqkd/build/SourcePackages/checkouts/KSPlayer/Sources/KSPlayer/Metal/Shaders.metal

WriteAuxiliaryFile /Users/runner/work/sqkd/sqkd/build/Build/Intermediates.noindex/FFmpegKit.build/Release-iphoneos/FFmpegKit.build/FFmpegKit.modulemap (in target 'FFmpegKit' from project 'FFmpegKit')
    cd /Users/runner/work/sqkd/sqkd/build/SourcePackages/checkouts/FFmpegKit
    write-file /Users/runner/work/sqkd/sqkd/build/Build/Intermediates.noindex/FFmpegKit.build/Release-iphoneos/FFmpegKit.build/FFmpegKit.modulemap

WriteAuxiliaryFile /Users/runner/work/sqkd/sqkd/build/Build/Intermediates.noindex/FFmpegKit.build/Release-iphoneos/FFmpegKit.build/Objects-normal/arm64/FFmpegKit.LinkFileList (in target 'FFmpegKit' from project 'FFmpegKit')
    cd /Users/runner/work/sqkd/sqkd/build/SourcePackages/checkouts/FFmpegKit
    write-file /Users/runner/work/sqkd/sqkd/build/Build/Intermediates.noindex/FFmpegKit.build/Release-iphoneos/FFmpegKit.build/Objects-normal/arm64/FFmpegKit.LinkFileList

WriteAuxiliaryFile /Users/runner/work/sqkd/sqkd/build/Build/Intermediates.noindex/FFmpegKit.build/Release-iphoneos/FFmpegKit.build/Objects-normal/arm64/7187679823f38a2a940e0043cdf9d637-common-args.resp (in target 'FFmpegKit' from project 'FFmpegKit')
    cd /Users/runner/work/sqkd/sqkd/build/SourcePackages/checkouts/FFmpegKit
    write-file /Users/runner/work/sqkd/sqkd/build/Build/Intermediates.noindex/FFmpegKit.build/Release-iphoneos/FFmpegKit.build/Objects-normal/arm64/7187679823f38a2a940e0043cdf9d637-common-args.resp
-target arm64-apple-ios13.0 -fmodules -gmodules '-fmodules-cache-path=/Users/runner/work/sqkd/sqkd/build/ModuleCache.noindex' '-fmodule-name=FFmpegKit' -fpascal-strings -Os -DSWIFT_PACKAGE -isysroot /Applications/Xcode_16.2.app/Contents/Developer/Platforms/iPhoneOS.platform/Developer/SDKs/iPhoneOS18.2.sdk -g -I/Users/runner/work/sqkd/sqkd/build/Build/Products/Release-iphoneos/include -I/Users/runner/work/sqkd/sqkd/build/SourcePackages/checkouts/FFmpegKit/Sources/FFmpegKit/include -I/Users/runner/work/sqkd/sqkd/build/Build/Intermediates.noindex/FFmpegKit.build/Release-iphoneos/FFmpegKit.build/DerivedSources-normal/arm64 -I/Users/runner/work/sqkd/sqkd/build/Build/Intermediates.noindex/FFmpegKit.build/Release-iphoneos/FFmpegKit.build/DerivedSources/arm64 -I/Users/runner/work/sqkd/sqkd/build/Build/Intermediates.noindex/FFmpegKit.build/Release-iphoneos/FFmpegKit.build/DerivedSources -F/Users/runner/work/sqkd/sqkd/build/Build/Products/Release-iphoneos -iframework /Applications/Xcode_16.2.app/Contents/Developer/Platforms/iPhoneOS.platform/Developer/Library/Frameworks -iframework /Applications/Xcode_16.2.app/Contents/Developer/Platforms/iPhoneOS.platform/Developer/SDKs/iPhoneOS18.2.sdk/Developer/Library/Frameworks -DXcode

WriteAuxiliaryFile /Users/runner/work/sqkd/sqkd/build/Build/Intermediates.noindex/FFmpegKit.build/Release-iphoneos/FFmpegKit.build/FFmpegKit.DependencyMetadataFileList (in target 'FFmpegKit' from project 'FFmpegKit')
    cd /Users/runner/work/sqkd/sqkd/build/SourcePackages/checkouts/FFmpegKit
    write-file /Users/runner/work/sqkd/sqkd/build/Build/Intermediates.noindex/FFmpegKit.build/Release-iphoneos/FFmpegKit.build/FFmpegKit.DependencyMetadataFileList

WriteAuxiliaryFile /Users/runner/work/sqkd/sqkd/build/Build/Intermediates.noindex/EmbyVision.build/Release-iphoneos/EmbyVision.build/Objects-normal/arm64/EmbyVision_const_extract_protocols.json (in target 'EmbyVision' from project 'EmbyVision')
    cd /Users/runner/work/sqkd/sqkd
    write-file /Users/runner/work/sqkd/sqkd/build/Build/Intermediates.noindex/EmbyVision.build/Release-iphoneos/EmbyVision.build/Objects-normal/arm64/EmbyVision_const_extract_protocols.json

WriteAuxiliaryFile /Users/runner/work/sqkd/sqkd/build/Build/Intermediates.noindex/EmbyVision.build/Release-iphoneos/EmbyVision.build/Objects-normal/arm64/EmbyVision.SwiftFileList (in target 'EmbyVision' from project 'EmbyVision')
    cd /Users/runner/work/sqkd/sqkd
    write-file /Users/runner/work/sqkd/sqkd/build/Build/Intermediates.noindex/EmbyVision.build/Release-iphoneos/EmbyVision.build/Objects-normal/arm64/EmbyVision.SwiftFileList

WriteAuxiliaryFile /Users/runner/work/sqkd/sqkd/build/Build/Intermediates.noindex/EmbyVision.build/Release-iphoneos/EmbyVision.build/Objects-normal/arm64/EmbyVision.SwiftConstValuesFileList (in target 'EmbyVision' from project 'EmbyVision')
    cd /Users/runner/work/sqkd/sqkd
    write-file /Users/runner/work/sqkd/sqkd/build/Build/Intermediates.noindex/EmbyVision.build/Release-iphoneos/EmbyVision.build/Objects-normal/arm64/EmbyVision.SwiftConstValuesFileList

WriteAuxiliaryFile /Users/runner/work/sqkd/sqkd/build/Build/Intermediates.noindex/EmbyVision.build/Release-iphoneos/EmbyVision.build/Objects-normal/arm64/EmbyVision.LinkFileList (in target 'EmbyVision' from project 'EmbyVision')
    cd /Users/runner/work/sqkd/sqkd
    write-file /Users/runner/work/sqkd/sqkd/build/Build/Intermediates.noindex/EmbyVision.build/Release-iphoneos/EmbyVision.build/Objects-normal/arm64/EmbyVision.LinkFileList

WriteAuxiliaryFile /Users/runner/work/sqkd/sqkd/build/Build/Intermediates.noindex/EmbyVision.build/Release-iphoneos/EmbyVision.build/Objects-normal/arm64/EmbyVision-OutputFileMap.json (in target 'EmbyVision' from project 'EmbyVision')
    cd /Users/runner/work/sqkd/sqkd
    write-file /Users/runner/work/sqkd/sqkd/build/Build/Intermediates.noindex/EmbyVision.build/Release-iphoneos/EmbyVision.build/Objects-normal/arm64/EmbyVision-OutputFileMap.json

WriteAuxiliaryFile /Users/runner/work/sqkd/sqkd/build/Build/Intermediates.noindex/EmbyVision.build/Release-iphoneos/EmbyVision.build/EmbyVision.hmap (in target 'EmbyVision' from project 'EmbyVision')
    cd /Users/runner/work/sqkd/sqkd
    write-file /Users/runner/work/sqkd/sqkd/build/Build/Intermediates.noindex/EmbyVision.build/Release-iphoneos/EmbyVision.build/EmbyVision.hmap

WriteAuxiliaryFile /Users/runner/work/sqkd/sqkd/build/Build/Intermediates.noindex/EmbyVision.build/Release-iphoneos/EmbyVision.build/EmbyVision.DependencyMetadataFileList (in target 'EmbyVision' from project 'EmbyVision')
    cd /Users/runner/work/sqkd/sqkd
    write-file /Users/runner/work/sqkd/sqkd/build/Build/Intermediates.noindex/EmbyVision.build/Release-iphoneos/EmbyVision.build/EmbyVision.DependencyMetadataFileList

WriteAuxiliaryFile /Users/runner/work/sqkd/sqkd/build/Build/Intermediates.noindex/EmbyVision.build/Release-iphoneos/EmbyVision.build/EmbyVision-project-headers.hmap (in target 'EmbyVision' from project 'EmbyVision')
    cd /Users/runner/work/sqkd/sqkd
    write-file /Users/runner/work/sqkd/sqkd/build/Build/Intermediates.noindex/EmbyVision.build/Release-iphoneos/EmbyVision.build/EmbyVision-project-headers.hmap

WriteAuxiliaryFile /Users/runner/work/sqkd/sqkd/build/Build/Intermediates.noindex/EmbyVision.build/Release-iphoneos/EmbyVision.build/EmbyVision-own-target-headers.hmap (in target 'EmbyVision' from project 'EmbyVision')
    cd /Users/runner/work/sqkd/sqkd
    write-file /Users/runner/work/sqkd/sqkd/build/Build/Intermediates.noindex/EmbyVision.build/Release-iphoneos/EmbyVision.build/EmbyVision-own-target-headers.hmap

WriteAuxiliaryFile /Users/runner/work/sqkd/sqkd/build/Build/Intermediates.noindex/EmbyVision.build/Release-iphoneos/EmbyVision.build/EmbyVision-generated-files.hmap (in target 'EmbyVision' from project 'EmbyVision')
    cd /Users/runner/work/sqkd/sqkd
    write-file /Users/runner/work/sqkd/sqkd/build/Build/Intermediates.noindex/EmbyVision.build/Release-iphoneos/EmbyVision.build/EmbyVision-generated-files.hmap

WriteAuxiliaryFile /Users/runner/work/sqkd/sqkd/build/Build/Intermediates.noindex/EmbyVision.build/Release-iphoneos/EmbyVision.build/EmbyVision-all-target-headers.hmap (in target 'EmbyVision' from project 'EmbyVision')
    cd /Users/runner/work/sqkd/sqkd
    write-file /Users/runner/work/sqkd/sqkd/build/Build/Intermediates.noindex/EmbyVision.build/Release-iphoneos/EmbyVision.build/EmbyVision-all-target-headers.hmap

WriteAuxiliaryFile /Users/runner/work/sqkd/sqkd/build/Build/Intermediates.noindex/EmbyVision.build/Release-iphoneos/EmbyVision.build/EmbyVision-all-non-framework-target-headers.hmap (in target 'EmbyVision' from project 'EmbyVision')
    cd /Users/runner/work/sqkd/sqkd
    write-file /Users/runner/work/sqkd/sqkd/build/Build/Intermediates.noindex/EmbyVision.build/Release-iphoneos/EmbyVision.build/EmbyVision-all-non-framework-target-headers.hmap

MkDir /Users/runner/work/sqkd/sqkd/build/Build/Products/Release-iphoneos/EmbyVision.app/Frameworks (in target 'EmbyVision' from project 'EmbyVision')
    cd /Users/runner/work/sqkd/sqkd
    /bin/mkdir -p /Users/runner/work/sqkd/sqkd/build/Build/Products/Release-iphoneos/EmbyVision.app/Frameworks

MkDir /Users/runner/work/sqkd/sqkd/build/Build/Products/Release-iphoneos/EmbyVision.app (in target 'EmbyVision' from project 'EmbyVision')
    cd /Users/runner/work/sqkd/sqkd
    /bin/mkdir -p /Users/runner/work/sqkd/sqkd/build/Build/Products/Release-iphoneos/EmbyVision.app

Copy /Users/runner/work/sqkd/sqkd/build/Build/Intermediates.noindex/GeneratedModuleMaps-iphoneos/FFmpegKit.modulemap /Users/runner/work/sqkd/sqkd/build/Build/Intermediates.noindex/FFmpegKit.build/Release-iphoneos/FFmpegKit.build/FFmpegKit.modulemap (in target 'FFmpegKit' from project 'FFmpegKit')
    cd /Users/runner/work/sqkd/sqkd/build/SourcePackages/checkouts/FFmpegKit
    builtin-copy -exclude .DS_Store -exclude CVS -exclude .svn -exclude .git -exclude .hg -strip-unsigned-binaries -strip-deterministic -strip-tool /Applications/Xcode_16.2.app/Contents/Developer/Toolchains/XcodeDefault.xctoolchain/usr/bin/strip -resolve-src-symlinks /Users/runner/work/sqkd/sqkd/build/Build/Intermediates.noindex/FFmpegKit.build/Release-iphoneos/FFmpegKit.build/FFmpegKit.modulemap /Users/runner/work/sqkd/sqkd/build/Build/Intermediates.noindex/GeneratedModuleMaps-iphoneos

Copy /Users/runner/work/sqkd/sqkd/build/Build/Intermediates.noindex/GeneratedModuleMaps-iphoneos/KSPlayer.modulemap /Users/runner/work/sqkd/sqkd/build/Build/Intermediates.noindex/KSPlayer.build/Release-iphoneos/KSPlayer.build/KSPlayer.modulemap (in target 'KSPlayer' from project 'KSPlayer')
    cd /Users/runner/work/sqkd/sqkd/build/SourcePackages/checkouts/KSPlayer
    builtin-copy -exclude .DS_Store -exclude CVS -exclude .svn -exclude .git -exclude .hg -strip-unsigned-binaries -strip-deterministic -strip-tool /Applications/Xcode_16.2.app/Contents/Developer/Toolchains/XcodeDefault.xctoolchain/usr/bin/strip -resolve-src-symlinks /Users/runner/work/sqkd/sqkd/build/Build/Intermediates.noindex/KSPlayer.build/Release-iphoneos/KSPlayer.build/KSPlayer.modulemap /Users/runner/work/sqkd/sqkd/build/Build/Intermediates.noindex/GeneratedModuleMaps-iphoneos

MetalLink /Users/runner/work/sqkd/sqkd/build/Build/Products/Release-iphoneos/KSPlayer_KSPlayer.bundle/default.metallib (in target 'KSPlayer_KSPlayer' from project 'KSPlayer')
    cd /Users/runner/work/sqkd/sqkd/build/SourcePackages/checkouts/KSPlayer
    /Applications/Xcode_16.2.app/Contents/Developer/Toolchains/XcodeDefault.xctoolchain/usr/bin/metal -target air64-apple-ios13.0 -o /Users/runner/work/sqkd/sqkd/build/Build/Products/Release-iphoneos/KSPlayer_KSPlayer.bundle/default.metallib /Users/runner/work/sqkd/sqkd/build/Build/Intermediates.noindex/KSPlayer.build/Release-iphoneos/KSPlayer_KSPlayer.build/Metal/Shaders.air

ScanDependencies /Users/runner/work/sqkd/sqkd/build/Build/Intermediates.noindex/FFmpegKit.build/Release-iphoneos/FFmpegKit.build/Objects-normal/arm64/FFmpegKit.o /Users/runner/work/sqkd/sqkd/build/SourcePackages/checkouts/FFmpegKit/Sources/FFmpegKit/FFmpegKit.c normal arm64 c com.apple.compilers.llvm.clang.1_0.compiler (in target 'FFmpegKit' from project 'FFmpegKit')
    cd /Users/runner/work/sqkd/sqkd/EmbyVision.xcodeproj
    
    Using response file: /Users/runner/work/sqkd/sqkd/build/Build/Intermediates.noindex/FFmpegKit.build/Release-iphoneos/FFmpegKit.build/Objects-normal/arm64/7187679823f38a2a940e0043cdf9d637-common-args.resp
    
    builtin-ScanDependencies -o /Users/runner/work/sqkd/sqkd/build/Build/Intermediates.noindex/FFmpegKit.build/Release-iphoneos/FFmpegKit.build/Objects-normal/arm64/FFmpegKit.o.scan -- /Applications/Xcode_16.2.app/Contents/Developer/Toolchains/XcodeDefault.xctoolchain/usr/bin/clang -x c -ivfsstatcache /Users/runner/work/sqkd/sqkd/build/SDKStatCaches.noindex/iphoneos18.2-22C146-6f6929c68f51360d5ca70a73a7e0c2f9.sdkstatcache -fmessage-length\=0 -fdiagnostics-show-note-include-stack -fmacro-backtrace-limit\=0 -fno-color-diagnostics -fmodules-prune-interval\=86400 -fmodules-prune-after\=345600 -fbuild-session-file\=/Users/runner/work/sqkd/sqkd/build/ModuleCache.noindex/Session.modulevalidation -fmodules-validate-once-per-build-session -Wnon-modular-include-in-framework-module -Werror\=non-modular-include-in-framework-module -Wno-trigraphs -Wno-missing-field-initializers -Wno-missing-prototypes -Wno-return-type -Wno-missing-braces -Wparentheses -Wswitch -Wno-unused-function -Wno-unused-label -Wno-unused-parameter -Wno-unused-variable -Wunused-value -Wno-empty-body -Wno-uninitialized -Wno-unknown-pragmas -w -Wno-shadow -Wno-four-char-constants -Wno-conversion -Wno-constant-conversion -Wno-int-conversion -Wno-bool-conversion -Wno-enum-conversion -Wno-float-conversion -Wno-non-literal-null-conversion -Wno-objc-literal-conversion -Wshorten-64-to-32 -Wpointer-sign -Wno-newline-eof -Wno-implicit-fallthrough -fstrict-aliasing -Wdeprecated-declarations -Wno-sign-conversion -Wno-infinite-recursion -Wno-comma -Wno-block-capture-autoreleasing -Wno-strict-prototypes -Wno-semicolon-before-method-body @/Users/runner/work/sqkd/sqkd/build/Build/Intermediates.noindex/FFmpegKit.build/Release-iphoneos/FFmpegKit.build/Objects-normal/arm64/7187679823f38a2a940e0043cdf9d637-common-args.resp -MMD -MT dependencies -MF /Users/runner/work/sqkd/sqkd/build/Build/Intermediates.noindex/FFmpegKit.build/Release-iphoneos/FFmpegKit.build/Objects-normal/arm64/FFmpegKit.d --serialize-diagnostics /Users/runner/work/sqkd/sqkd/build/Build/Intermediates.noindex/FFmpegKit.build/Release-iphoneos/FFmpegKit.build/Objects-normal/arm64/FFmpegKit.dia -c /Users/runner/work/sqkd/sqkd/build/SourcePackages/checkouts/FFmpegKit/Sources/FFmpegKit/FFmpegKit.c -o /Users/runner/work/sqkd/sqkd/build/Build/Intermediates.noindex/FFmpegKit.build/Release-iphoneos/FFmpegKit.build/Objects-normal/arm64/FFmpegKit.o

ScanDependencies /Users/runner/work/sqkd/sqkd/build/Build/Intermediates.noindex/KSPlayer.build/Release-iphoneos/DisplayCriteria.build/Objects-normal/arm64/DisplayCriteria.o /Users/runner/work/sqkd/sqkd/build/SourcePackages/checkouts/KSPlayer/Sources/DisplayCriteria/DisplayCriteria.m normal arm64 objective-c com.apple.compilers.llvm.clang.1_0.compiler (in target 'DisplayCriteria' from project 'KSPlayer')
    cd /Users/runner/work/sqkd/sqkd/EmbyVision.xcodeproj
    
    Using response file: /Users/runner/work/sqkd/sqkd/build/Build/Intermediates.noindex/KSPlayer.build/Release-iphoneos/DisplayCriteria.build/Objects-normal/arm64/e6072d4f65d7061329687fe24e3d63a7-common-args.resp
    
    builtin-ScanDependencies -o /Users/runner/work/sqkd/sqkd/build/Build/Intermediates.noindex/KSPlayer.build/Release-iphoneos/DisplayCriteria.build/Objects-normal/arm64/DisplayCriteria.o.scan -- /Applications/Xcode_16.2.app/Contents/Developer/Toolchains/XcodeDefault.xctoolchain/usr/bin/clang -x objective-c -ivfsstatcache /Users/runner/work/sqkd/sqkd/build/SDKStatCaches.noindex/iphoneos18.2-22C146-6f6929c68f51360d5ca70a73a7e0c2f9.sdkstatcache -fmessage-length\=0 -fdiagnostics-show-note-include-stack -fmacro-backtrace-limit\=0 -fno-color-diagnostics -fmodules-prune-interval\=86400 -fmodules-prune-after\=345600 -fbuild-session-file\=/Users/runner/work/sqkd/sqkd/build/ModuleCache.noindex/Session.modulevalidation -fmodules-validate-once-per-build-session -Wnon-modular-include-in-framework-module -Werror\=non-modular-include-in-framework-module -Wno-trigraphs -Wno-missing-field-initializers -Wno-missing-prototypes -Wno-return-type -Wno-implicit-atomic-properties -Wno-objc-interface-ivars -Wno-arc-repeated-use-of-weak -Wno-missing-braces -Wparentheses -Wswitch -Wno-unused-function -Wno-unused-label -Wno-unused-parameter -Wno-unused-variable -Wunused-value -Wno-empty-body -Wno-uninitialized -Wno-unknown-pragmas -w -Wno-shadow -Wno-four-char-constants -Wno-conversion -Wno-constant-conversion -Wno-int-conversion -Wno-bool-conversion -Wno-enum-conversion -Wno-float-conversion -Wno-non-literal-null-conversion -Wno-objc-literal-conversion -Wshorten-64-to-32 -Wpointer-sign -Wno-newline-eof -Wno-selector -Wno-strict-selector-match -Wno-undeclared-selector -Wno-deprecated-implementations -Wno-implicit-fallthrough -fstrict-aliasing -Wprotocol -Wdeprecated-declarations -Wno-sign-conversion -Wno-infinite-recursion -Wno-comma -Wno-block-capture-autoreleasing -Wno-strict-prototypes -Wno-semicolon-before-method-body @/Users/runner/work/sqkd/sqkd/build/Build/Intermediates.noindex/KSPlayer.build/Release-iphoneos/DisplayCriteria.build/Objects-normal/arm64/e6072d4f65d7061329687fe24e3d63a7-common-args.resp -MMD -MT dependencies -MF /Users/runner/work/sqkd/sqkd/build/Build/Intermediates.noindex/KSPlayer.build/Release-iphoneos/DisplayCriteria.build/Objects-normal/arm64/DisplayCriteria.d --serialize-diagnostics /Users/runner/work/sqkd/sqkd/build/Build/Intermediates.noindex/KSPlayer.build/Release-iphoneos/DisplayCriteria.build/Objects-normal/arm64/DisplayCriteria.dia -c /Users/runner/work/sqkd/sqkd/build/SourcePackages/checkouts/KSPlayer/Sources/DisplayCriteria/DisplayCriteria.m -o /Users/runner/work/sqkd/sqkd/build/Build/Intermediates.noindex/KSPlayer.build/Release-iphoneos/DisplayCriteria.build/Objects-normal/arm64/DisplayCriteria.o

SwiftDriver KSPlayer normal arm64 com.apple.xcode.tools.swift.compiler (in target 'KSPlayer' from project 'KSPlayer')
    cd /Users/runner/work/sqkd/sqkd/EmbyVision.xcodeproj
    builtin-SwiftDriver -- /Applications/Xcode_16.2.app/Contents/Developer/Toolchains/XcodeDefault.xctoolchain/usr/bin/swiftc -module-name KSPlayer -O -whole-module-optimization -enforce-exclusivity\=checked @/Users/runner/work/sqkd/sqkd/build/Build/Intermediates.noindex/KSPlayer.build/Release-iphoneos/KSPlayer.build/Objects-normal/arm64/KSPlayer.SwiftFileList -DSWIFT_PACKAGE -Xcc -fmodule-map-file\=/Users/runner/work/sqkd/sqkd/build/Build/Intermediates.noindex/GeneratedModuleMaps-iphoneos/FFmpegKit.modulemap -Xcc -fmodule-map-file\=/Users/runner/work/sqkd/sqkd/build/Build/Intermediates.noindex/GeneratedModuleMaps-iphoneos/DisplayCriteria.modulemap -DXcode -enable-experimental-feature StrictConcurrency -plugin-path /Applications/Xcode_16.2.app/Contents/Developer/Toolchains/XcodeDefault.xctoolchain/usr/lib/swift/host/plugins/testing -enable-experimental-feature DebugDescriptionMacro -sdk /Applications/Xcode_16.2.app/Contents/Developer/Platforms/iPhoneOS.platform/Developer/SDKs/iPhoneOS18.2.sdk -target arm64-apple-ios13.0 -g -module-cache-path /Users/runner/work/sqkd/sqkd/build/ModuleCache.noindex -Xfrontend -serialize-debugging-options -suppress-warnings -swift-version 5 -I /Users/runner/work/sqkd/sqkd/build/Build/Products/Release-iphoneos -I /Applications/Xcode_16.2.app/Contents/Developer/Platforms/iPhoneOS.platform/Developer/usr/lib -F /Users/runner/work/sqkd/sqkd/build/Build/Products/Release-iphoneos/PackageFrameworks -F /Users/runner/work/sqkd/sqkd/build/Build/Products/Release-iphoneos/PackageFrameworks -F /Users/runner/work/sqkd/sqkd/build/Build/Products/Release-iphoneos -F /Applications/Xcode_16.2.app/Contents/Developer/Platforms/iPhoneOS.platform/Developer/Library/Frameworks -F /Applications/Xcode_16.2.app/Contents/Developer/Platforms/iPhoneOS.platform/Developer/SDKs/iPhoneOS18.2.sdk/Developer/Library/Frameworks -emit-localized-strings -emit-localized-strings-path /Users/runner/work/sqkd/sqkd/build/Build/Intermediates.noindex/KSPlayer.build/Release-iphoneos/KSPlayer.build/Objects-normal/arm64 -c -num-threads 3 -Xcc -ivfsstatcache -Xcc /Users/runner/work/sqkd/sqkd/build/SDKStatCaches.noindex/iphoneos18.2-22C146-6f6929c68f51360d5ca70a73a7e0c2f9.sdkstatcache -output-file-map /Users/runner/work/sqkd/sqkd/build/Build/Intermediates.noindex/KSPlayer.build/Release-iphoneos/KSPlayer.build/Objects-normal/arm64/KSPlayer-OutputFileMap.json -use-frontend-parseable-output -save-temps -no-color-diagnostics -serialize-diagnostics -emit-dependencies -emit-module -emit-module-path /Users/runner/work/sqkd/sqkd/build/Build/Intermediates.noindex/KSPlayer.build/Release-iphoneos/KSPlayer.build/Objects-normal/arm64/KSPlayer.swiftmodule -validate-clang-modules-once -clang-build-session-file /Users/runner/work/sqkd/sqkd/build/ModuleCache.noindex/Session.modulevalidation -package-name ksplayer -Xcc -I/Users/runner/work/sqkd/sqkd/build/Build/Intermediates.noindex/KSPlayer.build/Release-iphoneos/KSPlayer.build/swift-overrides.hmap -emit-const-values -Xfrontend -const-gather-protocols-file -Xfrontend /Users/runner/work/sqkd/sqkd/build/Build/Intermediates.noindex/KSPlayer.build/Release-iphoneos/KSPlayer.build/Objects-normal/arm64/KSPlayer_const_extract_protocols.json -Xcc -I/Users/runner/work/sqkd/sqkd/build/SourcePackages/checkouts/FFmpegKit/Sources/FFmpegKit/include -Xcc -I/Users/runner/work/sqkd/sqkd/build/SourcePackages/checkouts/KSPlayer/Sources/DisplayCriteria/include -Xcc -I/Users/runner/work/sqkd/sqkd/build/Build/Products/Release-iphoneos/include -Xcc -I/Users/runner/work/sqkd/sqkd/build/Build/Intermediates.noindex/KSPlayer.build/Release-iphoneos/KSPlayer.build/DerivedSources-normal/arm64 -Xcc -I/Users/runner/work/sqkd/sqkd/build/Build/Intermediates.noindex/KSPlayer.build/Release-iphoneos/KSPlayer.build/DerivedSources/arm64 -Xcc -I/Users/runner/work/sqkd/sqkd/build/Build/Intermediates.noindex/KSPlayer.build/Release-iphoneos/KSPlayer.build/DerivedSources -Xcc -DSWIFT_PACKAGE -emit-objc-header -emit-objc-header-path /Users/runner/work/sqkd/sqkd/build/Build/Intermediates.noindex/KSPlayer.build/Release-iphoneos/KSPlayer.build/Objects-normal/arm64/KSPlayer-Swift.h -working-directory /Users/runner/work/sqkd/sqkd/EmbyVision.xcodeproj -no-emit-module-separately-wmo

CompileC /Users/runner/work/sqkd/sqkd/build/Build/Intermediates.noindex/FFmpegKit.build/Release-iphoneos/FFmpegKit.build/Objects-normal/arm64/FFmpegKit.o /Users/runner/work/sqkd/sqkd/build/SourcePackages/checkouts/FFmpegKit/Sources/FFmpegKit/FFmpegKit.c normal arm64 c com.apple.compilers.llvm.clang.1_0.compiler (in target 'FFmpegKit' from project 'FFmpegKit')
    cd /Users/runner/work/sqkd/sqkd/EmbyVision.xcodeproj
    
    Using response file: /Users/runner/work/sqkd/sqkd/build/Build/Intermediates.noindex/FFmpegKit.build/Release-iphoneos/FFmpegKit.build/Objects-normal/arm64/7187679823f38a2a940e0043cdf9d637-common-args.resp
    
    /Applications/Xcode_16.2.app/Contents/Developer/Toolchains/XcodeDefault.xctoolchain/usr/bin/clang -x c -ivfsstatcache /Users/runner/work/sqkd/sqkd/build/SDKStatCaches.noindex/iphoneos18.2-22C146-6f6929c68f51360d5ca70a73a7e0c2f9.sdkstatcache -fmessage-length\=0 -fdiagnostics-show-note-include-stack -fmacro-backtrace-limit\=0 -fno-color-diagnostics -fmodules-prune-interval\=86400 -fmodules-prune-after\=345600 -fbuild-session-file\=/Users/runner/work/sqkd/sqkd/build/ModuleCache.noindex/Session.modulevalidation -fmodules-validate-once-per-build-session -Wnon-modular-include-in-framework-module -Werror\=non-modular-include-in-framework-module -Wno-trigraphs -Wno-missing-field-initializers -Wno-missing-prototypes -Wno-return-type -Wno-missing-braces -Wparentheses -Wswitch -Wno-unused-function -Wno-unused-label -Wno-unused-parameter -Wno-unused-variable -Wunused-value -Wno-empty-body -Wno-uninitialized -Wno-unknown-pragmas -w -Wno-shadow -Wno-four-char-constants -Wno-conversion -Wno-constant-conversion -Wno-int-conversion -Wno-bool-conversion -Wno-enum-conversion -Wno-float-conversion -Wno-non-literal-null-conversion -Wno-objc-literal-conversion -Wshorten-64-to-32 -Wpointer-sign -Wno-newline-eof -Wno-implicit-fallthrough -fstrict-aliasing -Wdeprecated-declarations -Wno-sign-conversion -Wno-infinite-recursion -Wno-comma -Wno-block-capture-autoreleasing -Wno-strict-prototypes -Wno-semicolon-before-method-body @/Users/runner/work/sqkd/sqkd/build/Build/Intermediates.noindex/FFmpegKit.build/Release-iphoneos/FFmpegKit.build/Objects-normal/arm64/7187679823f38a2a940e0043cdf9d637-common-args.resp -MMD -MT dependencies -MF /Users/runner/work/sqkd/sqkd/build/Build/Intermediates.noindex/FFmpegKit.build/Release-iphoneos/FFmpegKit.build/Objects-normal/arm64/FFmpegKit.d --serialize-diagnostics /Users/runner/work/sqkd/sqkd/build/Build/Intermediates.noindex/FFmpegKit.build/Release-iphoneos/FFmpegKit.build/Objects-normal/arm64/FFmpegKit.dia -c /Users/runner/work/sqkd/sqkd/build/SourcePackages/checkouts/FFmpegKit/Sources/FFmpegKit/FFmpegKit.c -o /Users/runner/work/sqkd/sqkd/build/Build/Intermediates.noindex/FFmpegKit.build/Release-iphoneos/FFmpegKit.build/Objects-normal/arm64/FFmpegKit.o
/Applications/Xcode_16.2.app/Contents/Developer/Toolchains/XcodeDefault.xctoolchain/usr/bin/clang -cc1 -Wundef-prefix\=TARGET_OS_ -fdiagnostics-show-note-include-stack -fmacro-backtrace-limit\=0 -w -ferror-limit 19 -serialize-diagnostic-file /Users/runner/work/sqkd/sqkd/build/Build/Intermediates.noindex/FFmpegKit.build/Release-iphoneos/FFmpegKit.build/Objects-normal/arm64/FFmpegKit.dia -Wdeprecated-objc-isa-usage -Werror\=deprecated-objc-isa-usage -Werror\=implicit-function-declaration -Wnon-modular-include-in-framework-module -Werror\=non-modular-include-in-framework-module -Wno-trigraphs -Wno-missing-field-initializers -Wno-missing-prototypes -Wno-return-type -Wno-missing-braces -Wparentheses -Wswitch -Wno-unused-function -Wno-unused-label -Wno-unused-parameter -Wno-unused-variable -Wunused-value -Wno-empty-body -Wno-uninitialized -Wno-unknown-pragmas -Wno-shadow -Wno-four-char-constants -Wno-conversion -Wno-constant-conversion -Wno-int-conversion -Wno-bool-conversion -Wno-enum-conversion -Wno-float-conversion -Wno-non-literal-null-conversion -Wno-objc-literal-conversion -Wshorten-64-to-32 -Wpointer-sign -Wno-newline-eof -Wno-implicit-fallthrough -Wdeprecated-declarations -Wno-sign-conversion -Wno-infinite-recursion -Wno-comma -Wno-block-capture-autoreleasing -Wno-strict-prototypes -Wno-semicolon-before-method-body -Wno-reorder-init-list -Wno-implicit-int-float-conversion -Wno-c99-designator -Wno-final-dtor-non-final-class -Wno-extra-semi-stmt -Wno-misleading-indentation -Wno-quoted-include-in-framework-header -Wno-implicit-fallthrough -Wno-enum-enum-conversion -Wno-enum-float-conversion -Wno-elaborated-enum-base -Wno-reserved-identifier -Wno-gnu-folding-constant -o /Users/runner/work/sqkd/sqkd/build/Build/Intermediates.noindex/FFmpegKit.build/Release-iphoneos/FFmpegKit.build/Objects-normal/arm64/FFmpegKit.o -disable-free -emit-obj -x c /Users/runner/work/sqkd/sqkd/build/SourcePackages/checkouts/FFmpegKit/Sources/FFmpegKit/FFmpegKit.c -target-abi darwinpcs -target-cpu apple-a7 -target-feature +v8a -target-feature +aes -target-feature +fp-armv8 -target-feature +sha2 -target-feature +neon -target-feature +zcm -target-feature +zcz -triple arm64-apple-ios13.0.0 -target-linker-version 1115.7.3 -target-sdk-version\=18.2 -fmodules-validate-system-headers -fno-modulemap-allow-subdirectory-search -isysroot /Applications/Xcode_16.2.app/Contents/Developer/Platforms/iPhoneOS.platform/Developer/SDKs/iPhoneOS18.2.sdk -resource-dir /Applications/Xcode_16.2.app/Contents/Developer/Toolchains/XcodeDefault.xctoolchain/usr/lib/clang/16 -fmodule-format\=obj -I /Users/runner/work/sqkd/sqkd/build/Build/Products/Release-iphoneos/include -I /Users/runner/work/sqkd/sqkd/build/SourcePackages/checkouts/FFmpegKit/Sources/FFmpegKit/include -I /Users/runner/work/sqkd/sqkd/build/Build/Intermediates.noindex/FFmpegKit.build/Release-iphoneos/FFmpegKit.build/DerivedSources-normal/arm64 -I /Users/runner/work/sqkd/sqkd/build/Build/Intermediates.noindex/FFmpegKit.build/Release-iphoneos/FFmpegKit.build/DerivedSources/arm64 -I /Users/runner/work/sqkd/sqkd/build/Build/Intermediates.noindex/FFmpegKit.build/Release-iphoneos/FFmpegKit.build/DerivedSources -F /Users/runner/work/sqkd/sqkd/build/Build/Products/Release-iphoneos -iframework /Applications/Xcode_16.2.app/Contents/Developer/Platforms/iPhoneOS.platform/Developer/Library/Frameworks -iframework /Applications/Xcode_16.2.app/Contents/Developer/Platforms/iPhoneOS.platform/Developer/SDKs/iPhoneOS18.2.sdk/Developer/Library/Frameworks -internal-isystem /Applications/Xcode_16.2.app/Contents/Developer/Platforms/iPhoneOS.platform/Developer/SDKs/iPhoneOS18.2.sdk/usr/local/include -internal-isystem /Applications/Xcode_16.2.app/Contents/Developer/Toolchains/XcodeDefault.xctoolchain/usr/lib/clang/16/include -internal-externc-isystem /Applications/Xcode_16.2.app/Contents/Developer/Platforms/iPhoneOS.platform/Developer/SDKs/iPhoneOS18.2.sdk/usr/include -internal-externc-isystem /Applications/Xcode_16.2.app/Contents/Developer/Toolchains/XcodeDefault.xctoolchain/usr/include -ivfsstatcache /Users/runner/work/sqkd/sqkd/build/SDKStatCaches.noindex/iphoneos18.2-22C146-6f6929c68f51360d5ca70a73a7e0c2f9.sdkstatcache -std\=gnu17 -fmodules -fmodule-name\=FFmpegKit -fno-implicit-modules -fmax-type-align\=16 -fpascal-strings -fstack-check -fvisibility-inlines-hidden-static-local-var -mdarwin-stkchk-strong-link -fno-odr-hash-protocols -pic-level 2 -fencode-extended-block-signature -stack-protector 1 -fgnuc-version\=4.2.1 -fblocks -ffp-contract\=on -fclang-abi-compat\=4.0 -fno-experimental-relative-c++-abi-vtables -fno-file-reproducible -clang-vendor-feature\=+disableNonDependentMemberExprInCurrentInstantiation -clang-vendor-feature\=+enableAggressiveVLAFolding -clang-vendor-feature\=+revert09abecef7bbf -clang-vendor-feature\=+thisNoAlignAttr -clang-vendor-feature\=+thisNoNullAttr -clang-vendor-feature\=+disableAtImportPrivateFrameworkInImplementationError -O2 -fdebug-compilation-dir\=/Users/runner/work/sqkd/sqkd/EmbyVision.xcodeproj -fcoverage-compilation-dir\=/Users/runner/work/sqkd/sqkd/EmbyVision.xcodeproj -fcommon -fobjc-msgsend-selector-stubs -fregister-global-dtors-with-atexit -fno-strict-return -dwarf-version\=4 -debugger-tuning\=lldb -disable-llvm-verifier -dwarf-ext-refs -mframe-pointer\=non-leaf -funwind-tables\=1 -vectorize-loops -vectorize-slp -clear-ast-before-backend -discard-value-names -main-file-name FFmpegKit.c -finline-functions -debug-info-kind\=standalone -Os -fdiagnostics-hotness-threshold\=0 -fdiagnostics-misexpect-tolerance\=0 -D SWIFT_PACKAGE -D Xcode -D __GCC_HAVE_DWARF2_CFI_ASM\=1 -MT dependencies -dependency-file /Users/runner/work/sqkd/sqkd/build/Build/Intermediates.noindex/FFmpegKit.build/Release-iphoneos/FFmpegKit.build/Objects-normal/arm64/FFmpegKit.d -skip-unused-modulemap-deps

CompileC /Users/runner/work/sqkd/sqkd/build/Build/Intermediates.noindex/KSPlayer.build/Release-iphoneos/DisplayCriteria.build/Objects-normal/arm64/DisplayCriteria.o /Users/runner/work/sqkd/sqkd/build/SourcePackages/checkouts/KSPlayer/Sources/DisplayCriteria/DisplayCriteria.m normal arm64 objective-c com.apple.compilers.llvm.clang.1_0.compiler (in target 'DisplayCriteria' from project 'KSPlayer')
    cd /Users/runner/work/sqkd/sqkd/EmbyVision.xcodeproj
    
    Using response file: /Users/runner/work/sqkd/sqkd/build/Build/Intermediates.noindex/KSPlayer.build/Release-iphoneos/DisplayCriteria.build/Objects-normal/arm64/e6072d4f65d7061329687fe24e3d63a7-common-args.resp
    
    /Applications/Xcode_16.2.app/Contents/Developer/Toolchains/XcodeDefault.xctoolchain/usr/bin/clang -x objective-c -ivfsstatcache /Users/runner/work/sqkd/sqkd/build/SDKStatCaches.noindex/iphoneos18.2-22C146-6f6929c68f51360d5ca70a73a7e0c2f9.sdkstatcache -fmessage-length\=0 -fdiagnostics-show-note-include-stack -fmacro-backtrace-limit\=0 -fno-color-diagnostics -fmodules-prune-interval\=86400 -fmodules-prune-after\=345600 -fbuild-session-file\=/Users/runner/work/sqkd/sqkd/build/ModuleCache.noindex/Session.modulevalidation -fmodules-validate-once-per-build-session -Wnon-modular-include-in-framework-module -Werror\=non-modular-include-in-framework-module -Wno-trigraphs -Wno-missing-field-initializers -Wno-missing-prototypes -Wno-return-type -Wno-implicit-atomic-properties -Wno-objc-interface-ivars -Wno-arc-repeated-use-of-weak -Wno-missing-braces -Wparentheses -Wswitch -Wno-unused-function -Wno-unused-label -Wno-unused-parameter -Wno-unused-variable -Wunused-value -Wno-empty-body -Wno-uninitialized -Wno-unknown-pragmas -w -Wno-shadow -Wno-four-char-constants -Wno-conversion -Wno-constant-conversion -Wno-int-conversion -Wno-bool-conversion -Wno-enum-conversion -Wno-float-conversion -Wno-non-literal-null-conversion -Wno-objc-literal-conversion -Wshorten-64-to-32 -Wpointer-sign -Wno-newline-eof -Wno-selector -Wno-strict-selector-match -Wno-undeclared-selector -Wno-deprecated-implementations -Wno-implicit-fallthrough -fstrict-aliasing -Wprotocol -Wdeprecated-declarations -Wno-sign-conversion -Wno-infinite-recursion -Wno-comma -Wno-block-capture-autoreleasing -Wno-strict-prototypes -Wno-semicolon-before-method-body @/Users/runner/work/sqkd/sqkd/build/Build/Intermediates.noindex/KSPlayer.build/Release-iphoneos/DisplayCriteria.build/Objects-normal/arm64/e6072d4f65d7061329687fe24e3d63a7-common-args.resp -MMD -MT dependencies -MF /Users/runner/work/sqkd/sqkd/build/Build/Intermediates.noindex/KSPlayer.build/Release-iphoneos/DisplayCriteria.build/Objects-normal/arm64/DisplayCriteria.d --serialize-diagnostics /Users/runner/work/sqkd/sqkd/build/Build/Intermediates.noindex/KSPlayer.build/Release-iphoneos/DisplayCriteria.build/Objects-normal/arm64/DisplayCriteria.dia -c /Users/runner/work/sqkd/sqkd/build/SourcePackages/checkouts/KSPlayer/Sources/DisplayCriteria/DisplayCriteria.m -o /Users/runner/work/sqkd/sqkd/build/Build/Intermediates.noindex/KSPlayer.build/Release-iphoneos/DisplayCriteria.build/Objects-normal/arm64/DisplayCriteria.o
/Applications/Xcode_16.2.app/Contents/Developer/Toolchains/XcodeDefault.xctoolchain/usr/bin/clang -cc1 -Wundef-prefix\=TARGET_OS_ -fdiagnostics-show-note-include-stack -fmacro-backtrace-limit\=0 -w -ferror-limit 19 -serialize-diagnostic-file /Users/runner/work/sqkd/sqkd/build/Build/Intermediates.noindex/KSPlayer.build/Release-iphoneos/DisplayCriteria.build/Objects-normal/arm64/DisplayCriteria.dia -Wdeprecated-objc-isa-usage -Werror\=deprecated-objc-isa-usage -Werror\=implicit-function-declaration -Wnon-modular-include-in-framework-module -Werror\=non-modular-include-in-framework-module -Wno-trigraphs -Wno-missing-field-initializers -Wno-missing-prototypes -Wno-return-type -Wno-implicit-atomic-properties -Wno-objc-interface-ivars -Wno-arc-repeated-use-of-weak -Wno-missing-braces -Wparentheses -Wswitch -Wno-unused-function -Wno-unused-label -Wno-unused-parameter -Wno-unused-variable -Wunused-value -Wno-empty-body -Wno-uninitialized -Wno-unknown-pragmas -Wno-shadow -Wno-four-char-constants -Wno-conversion -Wno-constant-conversion -Wno-int-conversion -Wno-bool-conversion -Wno-enum-conversion -Wno-float-conversion -Wno-non-literal-null-conversion -Wno-objc-literal-conversion -Wshorten-64-to-32 -Wpointer-sign -Wno-newline-eof -Wno-selector -Wno-strict-selector-match -Wno-undeclared-selector -Wno-deprecated-implementations -Wno-implicit-fallthrough -Wprotocol -Wdeprecated-declarations -Wno-sign-conversion -Wno-infinite-recursion -Wno-comma -Wno-block-capture-autoreleasing -Wno-strict-prototypes -Wno-semicolon-before-method-body -Wno-reorder-init-list -Wno-implicit-int-float-conversion -Wno-c99-designator -Wno-final-dtor-non-final-class -Wno-extra-semi-stmt -Wno-misleading-indentation -Wno-quoted-include-in-framework-header -Wno-implicit-fallthrough -Wno-enum-enum-conversion -Wno-enum-float-conversion -Wno-elaborated-enum-base -Wno-reserved-identifier -Wno-gnu-folding-constant -o /Users/runner/work/sqkd/sqkd/build/Build/Intermediates.noindex/KSPlayer.build/Release-iphoneos/DisplayCriteria.build/Objects-normal/arm64/DisplayCriteria.o -disable-free -emit-obj -x objective-c /Users/runner/work/sqkd/sqkd/build/SourcePackages/checkouts/KSPlayer/Sources/DisplayCriteria/DisplayCriteria.m -target-abi darwinpcs -target-cpu apple-a7 -target-feature +v8a -target-feature +aes -target-feature +fp-armv8 -target-feature +sha2 -target-feature +neon -target-feature +zcm -target-feature +zcz -triple arm64-apple-ios13.0.0 -target-linker-version 1115.7.3 -target-sdk-version\=18.2 -fmodules-validate-system-headers -fno-modulemap-allow-subdirectory-search -isysroot /Applications/Xcode_16.2.app/Contents/Developer/Platforms/iPhoneOS.platform/Developer/SDKs/iPhoneOS18.2.sdk -resource-dir /Applications/Xcode_16.2.app/Contents/Developer/Toolchains/XcodeDefault.xctoolchain/usr/lib/clang/16 -fmodule-format\=obj -I /Users/runner/work/sqkd/sqkd/build/Build/Products/Release-iphoneos/include -I /Users/runner/work/sqkd/sqkd/build/SourcePackages/checkouts/KSPlayer/Sources/DisplayCriteria/include -I /Users/runner/work/sqkd/sqkd/build/Build/Intermediates.noindex/KSPlayer.build/Release-iphoneos/DisplayCriteria.build/DerivedSources-normal/arm64 -I /Users/runner/work/sqkd/sqkd/build/Build/Intermediates.noindex/KSPlayer.build/Release-iphoneos/DisplayCriteria.build/DerivedSources/arm64 -I /Users/runner/work/sqkd/sqkd/build/Build/Intermediates.noindex/KSPlayer.build/Release-iphoneos/DisplayCriteria.build/DerivedSources -F /Users/runner/work/sqkd/sqkd/build/Build/Products/Release-iphoneos -iframework /Applications/Xcode_16.2.app/Contents/Developer/Platforms/iPhoneOS.platform/Developer/Library/Frameworks -iframework /Applications/Xcode_16.2.app/Contents/Developer/Platforms/iPhoneOS.platform/Developer/SDKs/iPhoneOS18.2.sdk/Developer/Library/Frameworks -internal-isystem /Applications/Xcode_16.2.app/Contents/Developer/Platforms/iPhoneOS.platform/Developer/SDKs/iPhoneOS18.2.sdk/usr/local/include -internal-isystem /Applications/Xcode_16.2.app/Contents/Developer/Toolchains/XcodeDefault.xctoolchain/usr/lib/clang/16/include -internal-externc-isystem /Applications/Xcode_16.2.app/Contents/Developer/Platforms/iPhoneOS.platform/Developer/SDKs/iPhoneOS18.2.sdk/usr/include -internal-externc-isystem /Applications/Xcode_16.2.app/Contents/Developer/Toolchains/XcodeDefault.xctoolchain/usr/include -ivfsstatcache /Users/runner/work/sqkd/sqkd/build/SDKStatCaches.noindex/iphoneos18.2-22C146-6f6929c68f51360d5ca70a73a7e0c2f9.sdkstatcache -std\=gnu11 -fexceptions -fmodules -fmodule-name\=DisplayCriteria -fno-implicit-modules -fobjc-exceptions -fmax-type-align\=16 -fpascal-strings -fstack-check -fvisibility-inlines-hidden-static-local-var -mdarwin-stkchk-strong-link -fno-odr-hash-protocols -pic-level 2 -fencode-extended-block-signature -stack-protector 1 -fobjc-runtime\=ios-13.0.0 -fobjc-arc -fobjc-runtime-has-weak -fobjc-weak -fgnuc-version\=4.2.1 -fblocks -ffp-contract\=on -fclang-abi-compat\=4.0 -fno-experimental-relative-c++-abi-vtables -fno-file-reproducible -clang-vendor-feature\=+disableNonDependentMemberExprInCurrentInstantiation -clang-vendor-feature\=+enableAggressiveVLAFolding -clang-vendor-feature\=+revert09abecef7bbf -clang-vendor-feature\=+thisNoAlignAttr -clang-vendor-feature\=+thisNoNullAttr -clang-vendor-feature\=+disableAtImportPrivateFrameworkInImplementationError -O2 -fdebug-compilation-dir\=/Users/runner/work/sqkd/sqkd/EmbyVision.xcodeproj -fcoverage-compilation-dir\=/Users/runner/work/sqkd/sqkd/EmbyVision.xcodeproj -fcommon -fobjc-msgsend-selector-stubs -fregister-global-dtors-with-atexit -fno-strict-return -dwarf-version\=4 -debugger-tuning\=lldb -disable-llvm-verifier -dwarf-ext-refs -mframe-pointer\=non-leaf -funwind-tables\=1 -vectorize-loops -vectorize-slp -clear-ast-before-backend -discard-value-names -main-file-name DisplayCriteria.m -finline-functions -debug-info-kind\=standalone -Os -fdiagnostics-hotness-threshold\=0 -fdiagnostics-misexpect-tolerance\=0 -D OBJC_OLD_DISPATCH_PROTOTYPES\=1 -D SWIFT_PACKAGE -D Xcode -D __GCC_HAVE_DWARF2_CFI_ASM\=1 -MT dependencies -dependency-file /Users/runner/work/sqkd/sqkd/build/Build/Intermediates.noindex/KSPlayer.build/Release-iphoneos/DisplayCriteria.build/Objects-normal/arm64/DisplayCriteria.d -skip-unused-modulemap-deps

SwiftDriver\ Compilation KSPlayer normal arm64 com.apple.xcode.tools.swift.compiler (in target 'KSPlayer' from project 'KSPlayer')
    cd /Users/runner/work/sqkd/sqkd/EmbyVision.xcodeproj
    builtin-Swift-Compilation -- /Applications/Xcode_16.2.app/Contents/Developer/Toolchains/XcodeDefault.xctoolchain/usr/bin/swiftc -module-name KSPlayer -O -whole-module-optimization -enforce-exclusivity\=checked @/Users/runner/work/sqkd/sqkd/build/Build/Intermediates.noindex/KSPlayer.build/Release-iphoneos/KSPlayer.build/Objects-normal/arm64/KSPlayer.SwiftFileList -DSWIFT_PACKAGE -Xcc -fmodule-map-file\=/Users/runner/work/sqkd/sqkd/build/Build/Intermediates.noindex/GeneratedModuleMaps-iphoneos/FFmpegKit.modulemap -Xcc -fmodule-map-file\=/Users/runner/work/sqkd/sqkd/build/Build/Intermediates.noindex/GeneratedModuleMaps-iphoneos/DisplayCriteria.modulemap -DXcode -enable-experimental-feature StrictConcurrency -plugin-path /Applications/Xcode_16.2.app/Contents/Developer/Toolchains/XcodeDefault.xctoolchain/usr/lib/swift/host/plugins/testing -enable-experimental-feature DebugDescriptionMacro -sdk /Applications/Xcode_16.2.app/Contents/Developer/Platforms/iPhoneOS.platform/Developer/SDKs/iPhoneOS18.2.sdk -target arm64-apple-ios13.0 -g -module-cache-path /Users/runner/work/sqkd/sqkd/build/ModuleCache.noindex -Xfrontend -serialize-debugging-options -suppress-warnings -swift-version 5 -I /Users/runner/work/sqkd/sqkd/build/Build/Products/Release-iphoneos -I /Applications/Xcode_16.2.app/Contents/Developer/Platforms/iPhoneOS.platform/Developer/usr/lib -F /Users/runner/work/sqkd/sqkd/build/Build/Products/Release-iphoneos/PackageFrameworks -F /Users/runner/work/sqkd/sqkd/build/Build/Products/Release-iphoneos/PackageFrameworks -F /Users/runner/work/sqkd/sqkd/build/Build/Products/Release-iphoneos -F /Applications/Xcode_16.2.app/Contents/Developer/Platforms/iPhoneOS.platform/Developer/Library/Frameworks -F /Applications/Xcode_16.2.app/Contents/Developer/Platforms/iPhoneOS.platform/Developer/SDKs/iPhoneOS18.2.sdk/Developer/Library/Frameworks -emit-localized-strings -emit-localized-strings-path /Users/runner/work/sqkd/sqkd/build/Build/Intermediates.noindex/KSPlayer.build/Release-iphoneos/KSPlayer.build/Objects-normal/arm64 -c -num-threads 3 -Xcc -ivfsstatcache -Xcc /Users/runner/work/sqkd/sqkd/build/SDKStatCaches.noindex/iphoneos18.2-22C146-6f6929c68f51360d5ca70a73a7e0c2f9.sdkstatcache -output-file-map /Users/runner/work/sqkd/sqkd/build/Build/Intermediates.noindex/KSPlayer.build/Release-iphoneos/KSPlayer.build/Objects-normal/arm64/KSPlayer-OutputFileMap.json -use-frontend-parseable-output -save-temps -no-color-diagnostics -serialize-diagnostics -emit-dependencies -emit-module -emit-module-path /Users/runner/work/sqkd/sqkd/build/Build/Intermediates.noindex/KSPlayer.build/Release-iphoneos/KSPlayer.build/Objects-normal/arm64/KSPlayer.swiftmodule -validate-clang-modules-once -clang-build-session-file /Users/runner/work/sqkd/sqkd/build/ModuleCache.noindex/Session.modulevalidation -package-name ksplayer -Xcc -I/Users/runner/work/sqkd/sqkd/build/Build/Intermediates.noindex/KSPlayer.build/Release-iphoneos/KSPlayer.build/swift-overrides.hmap -emit-const-values -Xfrontend -const-gather-protocols-file -Xfrontend /Users/runner/work/sqkd/sqkd/build/Build/Intermediates.noindex/KSPlayer.build/Release-iphoneos/KSPlayer.build/Objects-normal/arm64/KSPlayer_const_extract_protocols.json -Xcc -I/Users/runner/work/sqkd/sqkd/build/SourcePackages/checkouts/FFmpegKit/Sources/FFmpegKit/include -Xcc -I/Users/runner/work/sqkd/sqkd/build/SourcePackages/checkouts/KSPlayer/Sources/DisplayCriteria/include -Xcc -I/Users/runner/work/sqkd/sqkd/build/Build/Products/Release-iphoneos/include -Xcc -I/Users/runner/work/sqkd/sqkd/build/Build/Intermediates.noindex/KSPlayer.build/Release-iphoneos/KSPlayer.build/DerivedSources-normal/arm64 -Xcc -I/Users/runner/work/sqkd/sqkd/build/Build/Intermediates.noindex/KSPlayer.build/Release-iphoneos/KSPlayer.build/DerivedSources/arm64 -Xcc -I/Users/runner/work/sqkd/sqkd/build/Build/Intermediates.noindex/KSPlayer.build/Release-iphoneos/KSPlayer.build/DerivedSources -Xcc -DSWIFT_PACKAGE -emit-objc-header -emit-objc-header-path /Users/runner/work/sqkd/sqkd/build/Build/Intermediates.noindex/KSPlayer.build/Release-iphoneos/KSPlayer.build/Objects-normal/arm64/KSPlayer-Swift.h -working-directory /Users/runner/work/sqkd/sqkd/EmbyVision.xcodeproj -no-emit-module-separately-wmo

SwiftCompile normal arm64 Compiling\ resource_bundle_accessor.swift,\ KSAVPlayer.swift,\ KSOptions.swift,\ KSPictureInPictureController.swift,\ KSPlayerLayer.swift,\ KSVideoPlayer.swift,\ MediaPlayerProtocol.swift,\ PlayerDefines.swift,\ AudioPlayerView.swift,\ AppKitExtend.swift,\ PlayerToolBar.swift,\ PlayerView.swift,\ UIKitExtend.swift,\ UXKit.swift,\ Utility.swift,\ AVFFmpegExtension.swift,\ AVFoundationExtension.swift,\ AudioEnginePlayer.swift,\ AudioGraphPlayer.swift,\ AudioRendererPlayer.swift,\ AudioUnitPlayer.swift,\ CircularBuffer.swift,\ EmbedDataSouce.swift,\ FFmpegAssetTrack.swift,\ FFmpegDecode.swift,\ Filter.swift,\ KSMEPlayer.swift,\ MEPlayerItem.swift,\ MEPlayerItemTrack.swift,\ MetalPlayView.swift,\ Model.swift,\ Resample.swift,\ SubtitleDecode.swift,\ ThumbnailController.swift,\ VideoToolboxDecode.swift,\ DisplayModel.swift,\ MetalRender.swift,\ MotionSensor.swift,\ PixelBufferProtocol.swift,\ Transforms.swift,\ AudioRecognize.swift,\ KSParseProtocol.swift,\ KSSubtitle.swift,\ SubtitleDataSouce.swift,\ AirPlayView.swift,\ KSVideoPlayerView.swift,\ KSVideoPlayerViewBuilder.swift,\ LiveTextImage.swift,\ Slider.swift,\ BrightnessVolume.swift,\ IOSVideoPlayerView.swift,\ KSMenu.swift,\ KSPlayerItem.swift,\ MacVideoPlayerView.swift,\ PlayerFullScreenViewController.swift,\ PlayerTransitionAnimator.swift,\ SeekView.swift,\ VideoPlayerView.swift /Users/runner/work/sqkd/sqkd/build/Build/Intermediates.noindex/KSPlayer.build/Release-iphoneos/KSPlayer.build/DerivedSources/resource_bundle_accessor.swift /Users/runner/work/sqkd/sqkd/build/SourcePackages/checkouts/KSPlayer/Sources/KSPlayer/AVPlayer/KSAVPlayer.swift /Users/runner/work/sqkd/sqkd/build/SourcePackages/checkouts/KSPlayer/Sources/KSPlayer/AVPlayer/KSOptions.swift /Users/runner/work/sqkd/sqkd/build/SourcePackages/checkouts/KSPlayer/Sources/KSPlayer/AVPlayer/KSPictureInPictureController.swift /Users/runner/work/sqkd/sqkd/build/SourcePackages/checkouts/KSPlayer/Sources/KSPlayer/AVPlayer/KSPlayerLayer.swift /Users/runner/work/sqkd/sqkd/build/SourcePackages/checkouts/KSPlayer/Sources/KSPlayer/AVPlayer/KSVideoPlayer.swift /Users/runner/work/sqkd/sqkd/build/SourcePackages/checkouts/KSPlayer/Sources/KSPlayer/AVPlayer/MediaPlayerProtocol.swift /Users/runner/work/sqkd/sqkd/build/SourcePackages/checkouts/KSPlayer/Sources/KSPlayer/AVPlayer/PlayerDefines.swift /Users/runner/work/sqkd/sqkd/build/SourcePackages/checkouts/KSPlayer/Sources/KSPlayer/Audio/AudioPlayerView.swift /Users/runner/work/sqkd/sqkd/build/SourcePackages/checkouts/KSPlayer/Sources/KSPlayer/Core/AppKitExtend.swift /Users/runner/work/sqkd/sqkd/build/SourcePackages/checkouts/KSPlayer/Sources/KSPlayer/Core/PlayerToolBar.swift /Users/runner/work/sqkd/sqkd/build/SourcePackages/checkouts/KSPlayer/Sources/KSPlayer/Core/PlayerView.swift /Users/runner/work/sqkd/sqkd/build/SourcePackages/checkouts/KSPlayer/Sources/KSPlayer/Core/UIKitExtend.swift /Users/runner/work/sqkd/sqkd/build/SourcePackages/checkouts/KSPlayer/Sources/KSPlayer/Core/UXKit.swift /Users/runner/work/sqkd/sqkd/build/SourcePackages/checkouts/KSPlayer/Sources/KSPlayer/Core/Utility.swift /Users/runner/work/sqkd/sqkd/build/SourcePackages/checkouts/KSPlayer/Sources/KSPlayer/MEPlayer/AVFFmpegExtension.swift /Users/runner/work/sqkd/sqkd/build/SourcePackages/checkouts/KSPlayer/Sources/KSPlayer/MEPlayer/AVFoundationExtension.swift /Users/runner/work/sqkd/sqkd/build/SourcePackages/checkouts/KSPlayer/Sources/KSPlayer/MEPlayer/AudioEnginePlayer.swift /Users/runner/work/sqkd/sqkd/build/SourcePackages/checkouts/KSPlayer/Sources/KSPlayer/MEPlayer/AudioGraphPlayer.swift /Users/runner/work/sqkd/sqkd/build/SourcePackages/checkouts/KSPlayer/Sources/KSPlayer/MEPlayer/AudioRendererPlayer.swift /Users/runner/work/sqkd/sqkd/build/SourcePackages/checkouts/KSPlayer/Sources/KSPlayer/MEPlayer/AudioUnitPlayer.swift /Users/runner/work/sqkd/sqkd/build/SourcePackages/checkouts/KSPlayer/Sources/KSPlayer/MEPlayer/CircularBuffer.swift /Users/runner/work/sqkd/sqkd/build/SourcePackages/checkouts/KSPlayer/Sources/KSPlayer/MEPlayer/EmbedDataSouce.swift /Users/runner/work/sqkd/sqkd/build/SourcePackages/checkouts/KSPlayer/Sources/KSPlayer/MEPlayer/FFmpegAssetTrack.swift /Users/runner/work/sqkd/sqkd/build/SourcePackages/checkouts/KSPlayer/Sources/KSPlayer/MEPlayer/FFmpegDecode.swift /Users/runner/work/sqkd/sqkd/build/SourcePackages/checkouts/KSPlayer/Sources/KSPlayer/MEPlayer/Filter.swift /Users/runner/work/sqkd/sqkd/build/SourcePackages/checkouts/KSPlayer/Sources/KSPlayer/MEPlayer/KSMEPlayer.swift /Users/runner/work/sqkd/sqkd/build/SourcePackages/checkouts/KSPlayer/Sources/KSPlayer/MEPlayer/MEPlayerItem.swift /Users/runner/work/sqkd/sqkd/build/SourcePackages/checkouts/KSPlayer/Sources/KSPlayer/MEPlayer/MEPlayerItemTrack.swift /Users/runner/work/sqkd/sqkd/build/SourcePackages/checkouts/KSPlayer/Sources/KSPlayer/MEPlayer/MetalPlayView.swift /Users/runner/work/sqkd/sqkd/build/SourcePackages/checkouts/KSPlayer/Sources/KSPlayer/MEPlayer/Model.swift /Users/runner/work/sqkd/sqkd/build/SourcePackages/checkouts/KSPlayer/Sources/KSPlayer/MEPlayer/Resample.swift /Users/runner/work/sqkd/sqkd/build/SourcePackages/checkouts/KSPlayer/Sources/KSPlayer/MEPlayer/SubtitleDecode.swift /Users/runner/work/sqkd/sqkd/build/SourcePackages/checkouts/KSPlayer/Sources/KSPlayer/MEPlayer/ThumbnailController.swift /Users/runner/work/sqkd/sqkd/build/SourcePackages/checkouts/KSPlayer/Sources/KSPlayer/MEPlayer/VideoToolboxDecode.swift /Users/runner/work/sqkd/sqkd/build/SourcePackages/checkouts/KSPlayer/Sources/KSPlayer/Metal/DisplayModel.swift /Users/runner/work/sqkd/sqkd/build/SourcePackages/checkouts/KSPlayer/Sources/KSPlayer/Metal/MetalRender.swift /Users/runner/work/sqkd/sqkd/build/SourcePackages/checkouts/KSPlayer/Sources/KSPlayer/Metal/MotionSensor.swift /Users/runner/work/sqkd/sqkd/build/SourcePackages/checkouts/KSPlayer/Sources/KSPlayer/Metal/PixelBufferProtocol.swift /Users/runner/work/sqkd/sqkd/build/SourcePackages/checkouts/KSPlayer/Sources/KSPlayer/Metal/Transforms.swift /Users/runner/work/sqkd/sqkd/build/SourcePackages/checkouts/KSPlayer/Sources/KSPlayer/Subtitle/AudioRecognize.swift /Users/runner/work/sqkd/sqkd/build/SourcePackages/checkouts/KSPlayer/Sources/KSPlayer/Subtitle/KSParseProtocol.swift /Users/runner/work/sqkd/sqkd/build/SourcePackages/checkouts/KSPlayer/Sources/KSPlayer/Subtitle/KSSubtitle.swift /Users/runner/work/sqkd/sqkd/build/SourcePackages/checkouts/KSPlayer/Sources/KSPlayer/Subtitle/SubtitleDataSouce.swift /Users/runner/work/sqkd/sqkd/build/SourcePackages/checkouts/KSPlayer/Sources/KSPlayer/SwiftUI/AirPlayView.swift /Users/runner/work/sqkd/sqkd/build/SourcePackages/checkouts/KSPlayer/Sources/KSPlayer/SwiftUI/KSVideoPlayerView.swift /Users/runner/work/sqkd/sqkd/build/SourcePackages/checkouts/KSPlayer/Sources/KSPlayer/SwiftUI/KSVideoPlayerViewBuilder.swift /Users/runner/work/sqkd/sqkd/build/SourcePackages/checkouts/KSPlayer/Sources/KSPlayer/SwiftUI/LiveTextImage.swift /Users/runner/work/sqkd/sqkd/build/SourcePackages/checkouts/KSPlayer/Sources/KSPlayer/SwiftUI/Slider.swift /Users/runner/work/sqkd/sqkd/build/SourcePackages/checkouts/KSPlayer/Sources/KSPlayer/Video/BrightnessVolume.swift /Users/runner/work/sqkd/sqkd/build/SourcePackages/checkouts/KSPlayer/Sources/KSPlayer/Video/IOSVideoPlayerView.swift /Users/runner/work/sqkd/sqkd/build/SourcePackages/checkouts/KSPlayer/Sources/KSPlayer/Video/KSMenu.swift /Users/runner/work/sqkd/sqkd/build/SourcePackages/checkouts/KSPlayer/Sources/KSPlayer/Video/KSPlayerItem.swift /Users/runner/work/sqkd/sqkd/build/SourcePackages/checkouts/KSPlayer/Sources/KSPlayer/Video/MacVideoPlayerView.swift /Users/runner/work/sqkd/sqkd/build/SourcePackages/checkouts/KSPlayer/Sources/KSPlayer/Video/PlayerFullScreenViewController.swift /Users/runner/work/sqkd/sqkd/build/SourcePackages/checkouts/KSPlayer/Sources/KSPlayer/Video/PlayerTransitionAnimator.swift /Users/runner/work/sqkd/sqkd/build/SourcePackages/checkouts/KSPlayer/Sources/KSPlayer/Video/SeekView.swift /Users/runner/work/sqkd/sqkd/build/SourcePackages/checkouts/KSPlayer/Sources/KSPlayer/Video/VideoPlayerView.swift (in target 'KSPlayer' from project 'KSPlayer')
    cd /Users/runner/work/sqkd/sqkd/EmbyVision.xcodeproj
    builtin-swiftTaskExecution -- /Applications/Xcode_16.2.app/Contents/Developer/Toolchains/XcodeDefault.xctoolchain/usr/bin/swift-frontend -frontend -c /Users/runner/work/sqkd/sqkd/build/Build/Intermediates.noindex/KSPlayer.build/Release-iphoneos/KSPlayer.build/DerivedSources/resource_bundle_accessor.swift /Users/runner/work/sqkd/sqkd/build/SourcePackages/checkouts/KSPlayer/Sources/KSPlayer/AVPlayer/KSAVPlayer.swift /Users/runner/work/sqkd/sqkd/build/SourcePackages/checkouts/KSPlayer/Sources/KSPlayer/AVPlayer/KSOptions.swift /Users/runner/work/sqkd/sqkd/build/SourcePackages/checkouts/KSPlayer/Sources/KSPlayer/AVPlayer/KSPictureInPictureController.swift /Users/runner/work/sqkd/sqkd/build/SourcePackages/checkouts/KSPlayer/Sources/KSPlayer/AVPlayer/KSPlayerLayer.swift /Users/runner/work/sqkd/sqkd/build/SourcePackages/checkouts/KSPlayer/Sources/KSPlayer/AVPlayer/KSVideoPlayer.swift /Users/runner/work/sqkd/sqkd/build/SourcePackages/checkouts/KSPlayer/Sources/KSPlayer/AVPlayer/MediaPlayerProtocol.swift /Users/runner/work/sqkd/sqkd/build/SourcePackages/checkouts/KSPlayer/Sources/KSPlayer/AVPlayer/PlayerDefines.swift /Users/runner/work/sqkd/sqkd/build/SourcePackages/checkouts/KSPlayer/Sources/KSPlayer/Audio/AudioPlayerView.swift /Users/runner/work/sqkd/sqkd/build/SourcePackages/checkouts/KSPlayer/Sources/KSPlayer/Core/AppKitExtend.swift /Users/runner/work/sqkd/sqkd/build/SourcePackages/checkouts/KSPlayer/Sources/KSPlayer/Core/PlayerToolBar.swift /Users/runner/work/sqkd/sqkd/build/SourcePackages/checkouts/KSPlayer/Sources/KSPlayer/Core/PlayerView.swift /Users/runner/work/sqkd/sqkd/build/SourcePackages/checkouts/KSPlayer/Sources/KSPlayer/Core/UIKitExtend.swift /Users/runner/work/sqkd/sqkd/build/SourcePackages/checkouts/KSPlayer/Sources/KSPlayer/Core/UXKit.swift /Users/runner/work/sqkd/sqkd/build/SourcePackages/checkouts/KSPlayer/Sources/KSPlayer/Core/Utility.swift /Users/runner/work/sqkd/sqkd/build/SourcePackages/checkouts/KSPlayer/Sources/KSPlayer/MEPlayer/AVFFmpegExtension.swift /Users/runner/work/sqkd/sqkd/build/SourcePackages/checkouts/KSPlayer/Sources/KSPlayer/MEPlayer/AVFoundationExtension.swift /Users/runner/work/sqkd/sqkd/build/SourcePackages/checkouts/KSPlayer/Sources/KSPlayer/MEPlayer/AudioEnginePlayer.swift /Users/runner/work/sqkd/sqkd/build/SourcePackages/checkouts/KSPlayer/Sources/KSPlayer/MEPlayer/AudioGraphPlayer.swift /Users/runner/work/sqkd/sqkd/build/SourcePackages/checkouts/KSPlayer/Sources/KSPlayer/MEPlayer/AudioRendererPlayer.swift /Users/runner/work/sqkd/sqkd/build/SourcePackages/checkouts/KSPlayer/Sources/KSPlayer/MEPlayer/AudioUnitPlayer.swift /Users/runner/work/sqkd/sqkd/build/SourcePackages/checkouts/KSPlayer/Sources/KSPlayer/MEPlayer/CircularBuffer.swift /Users/runner/work/sqkd/sqkd/build/SourcePackages/checkouts/KSPlayer/Sources/KSPlayer/MEPlayer/EmbedDataSouce.swift /Users/runner/work/sqkd/sqkd/build/SourcePackages/checkouts/KSPlayer/Sources/KSPlayer/MEPlayer/FFmpegAssetTrack.swift /Users/runner/work/sqkd/sqkd/build/SourcePackages/checkouts/KSPlayer/Sources/KSPlayer/MEPlayer/FFmpegDecode.swift /Users/runner/work/sqkd/sqkd/build/SourcePackages/checkouts/KSPlayer/Sources/KSPlayer/MEPlayer/Filter.swift /Users/runner/work/sqkd/sqkd/build/SourcePackages/checkouts/KSPlayer/Sources/KSPlayer/MEPlayer/KSMEPlayer.swift /Users/runner/work/sqkd/sqkd/build/SourcePackages/checkouts/KSPlayer/Sources/KSPlayer/MEPlayer/MEPlayerItem.swift /Users/runner/work/sqkd/sqkd/build/SourcePackages/checkouts/KSPlayer/Sources/KSPlayer/MEPlayer/MEPlayerItemTrack.swift /Users/runner/work/sqkd/sqkd/build/SourcePackages/checkouts/KSPlayer/Sources/KSPlayer/MEPlayer/MetalPlayView.swift /Users/runner/work/sqkd/sqkd/build/SourcePackages/checkouts/KSPlayer/Sources/KSPlayer/MEPlayer/Model.swift /Users/runner/work/sqkd/sqkd/build/SourcePackages/checkouts/KSPlayer/Sources/KSPlayer/MEPlayer/Resample.swift /Users/runner/work/sqkd/sqkd/build/SourcePackages/checkouts/KSPlayer/Sources/KSPlayer/MEPlayer/SubtitleDecode.swift /Users/runner/work/sqkd/sqkd/build/SourcePackages/checkouts/KSPlayer/Sources/KSPlayer/MEPlayer/ThumbnailController.swift /Users/runner/work/sqkd/sqkd/build/SourcePackages/checkouts/KSPlayer/Sources/KSPlayer/MEPlayer/VideoToolboxDecode.swift /Users/runner/work/sqkd/sqkd/build/SourcePackages/checkouts/KSPlayer/Sources/KSPlayer/Metal/DisplayModel.swift /Users/runner/work/sqkd/sqkd/build/SourcePackages/checkouts/KSPlayer/Sources/KSPlayer/Metal/MetalRender.swift /Users/runner/work/sqkd/sqkd/build/SourcePackages/checkouts/KSPlayer/Sources/KSPlayer/Metal/MotionSensor.swift /Users/runner/work/sqkd/sqkd/build/SourcePackages/checkouts/KSPlayer/Sources/KSPlayer/Metal/PixelBufferProtocol.swift /Users/runner/work/sqkd/sqkd/build/SourcePackages/checkouts/KSPlayer/Sources/KSPlayer/Metal/Transforms.swift /Users/runner/work/sqkd/sqkd/build/SourcePackages/checkouts/KSPlayer/Sources/KSPlayer/Subtitle/AudioRecognize.swift /Users/runner/work/sqkd/sqkd/build/SourcePackages/checkouts/KSPlayer/Sources/KSPlayer/Subtitle/KSParseProtocol.swift /Users/runner/work/sqkd/sqkd/build/SourcePackages/checkouts/KSPlayer/Sources/KSPlayer/Subtitle/KSSubtitle.swift /Users/runner/work/sqkd/sqkd/build/SourcePackages/checkouts/KSPlayer/Sources/KSPlayer/Subtitle/SubtitleDataSouce.swift /Users/runner/work/sqkd/sqkd/build/SourcePackages/checkouts/KSPlayer/Sources/KSPlayer/SwiftUI/AirPlayView.swift /Users/runner/work/sqkd/sqkd/build/SourcePackages/checkouts/KSPlayer/Sources/KSPlayer/SwiftUI/KSVideoPlayerView.swift /Users/runner/work/sqkd/sqkd/build/SourcePackages/checkouts/KSPlayer/Sources/KSPlayer/SwiftUI/KSVideoPlayerViewBuilder.swift /Users/runner/work/sqkd/sqkd/build/SourcePackages/checkouts/KSPlayer/Sources/KSPlayer/SwiftUI/LiveTextImage.swift /Users/runner/work/sqkd/sqkd/build/SourcePackages/checkouts/KSPlayer/Sources/KSPlayer/SwiftUI/Slider.swift /Users/runner/work/sqkd/sqkd/build/SourcePackages/checkouts/KSPlayer/Sources/KSPlayer/Video/BrightnessVolume.swift /Users/runner/work/sqkd/sqkd/build/SourcePackages/checkouts/KSPlayer/Sources/KSPlayer/Video/IOSVideoPlayerView.swift /Users/runner/work/sqkd/sqkd/build/SourcePackages/checkouts/KSPlayer/Sources/KSPlayer/Video/KSMenu.swift /Users/runner/work/sqkd/sqkd/build/SourcePackages/checkouts/KSPlayer/Sources/KSPlayer/Video/KSPlayerItem.swift /Users/runner/work/sqkd/sqkd/build/SourcePackages/checkouts/KSPlayer/Sources/KSPlayer/Video/MacVideoPlayerView.swift /Users/runner/work/sqkd/sqkd/build/SourcePackages/checkouts/KSPlayer/Sources/KSPlayer/Video/PlayerFullScreenViewController.swift /Users/runner/work/sqkd/sqkd/build/SourcePackages/checkouts/KSPlayer/Sources/KSPlayer/Video/PlayerTransitionAnimator.swift /Users/runner/work/sqkd/sqkd/build/SourcePackages/checkouts/KSPlayer/Sources/KSPlayer/Video/SeekView.swift /Users/runner/work/sqkd/sqkd/build/SourcePackages/checkouts/KSPlayer/Sources/KSPlayer/Video/VideoPlayerView.swift -supplementary-output-file-map /Users/runner/work/sqkd/sqkd/build/Build/Intermediates.noindex/KSPlayer.build/Release-iphoneos/KSPlayer.build/Objects-normal/arm64/supplementaryOutputs-1 -emit-localized-strings -emit-localized-strings-path /Users/runner/work/sqkd/sqkd/build/Build/Intermediates.noindex/KSPlayer.build/Release-iphoneos/KSPlayer.build/Objects-normal/arm64 -target arm64-apple-ios13.0 -Xllvm -aarch64-use-tbi -enable-objc-interop -stack-check -sdk /Applications/Xcode_16.2.app/Contents/Developer/Platforms/iPhoneOS.platform/Developer/SDKs/iPhoneOS18.2.sdk -I /Users/runner/work/sqkd/sqkd/build/Build/Products/Release-iphoneos -I /Applications/Xcode_16.2.app/Contents/Developer/Platforms/iPhoneOS.platform/Developer/usr/lib -F /Users/runner/work/sqkd/sqkd/build/Build/Products/Release-iphoneos/PackageFrameworks -F /Users/runner/work/sqkd/sqkd/build/Build/Products/Release-iphoneos/PackageFrameworks -F /Users/runner/work/sqkd/sqkd/build/Build/Products/Release-iphoneos -F /Applications/Xcode_16.2.app/Contents/Developer/Platforms/iPhoneOS.platform/Developer/Library/Frameworks -F /Applications/Xcode_16.2.app/Contents/Developer/Platforms/iPhoneOS.platform/Developer/SDKs/iPhoneOS18.2.sdk/Developer/Library/Frameworks -no-color-diagnostics -g -debug-info-format\=dwarf -dwarf-version\=4 -module-cache-path /Users/runner/work/sqkd/sqkd/build/ModuleCache.noindex -suppress-warnings -swift-version 5 -enforce-exclusivity\=checked -O -D SWIFT_PACKAGE -D Xcode -serialize-debugging-options -const-gather-protocols-file /Users/runner/work/sqkd/sqkd/build/Build/Intermediates.noindex/KSPlayer.build/Release-iphoneos/KSPlayer.build/Objects-normal/arm64/KSPlayer_const_extract_protocols.json -enable-experimental-feature StrictConcurrency -enable-experimental-feature DebugDescriptionMacro -empty-abi-descriptor -plugin-path /Applications/Xcode_16.2.app/Contents/Developer/Toolchains/XcodeDefault.xctoolchain/usr/lib/swift/host/plugins/testing -validate-clang-modules-once -clang-build-session-file /Users/runner/work/sqkd/sqkd/build/ModuleCache.noindex/Session.modulevalidation -Xcc -working-directory -Xcc /Users/runner/work/sqkd/sqkd/EmbyVision.xcodeproj -resource-dir /Applications/Xcode_16.2.app/Contents/Developer/Toolchains/XcodeDefault.xctoolchain/usr/lib/swift -file-compilation-dir /Users/runner/work/sqkd/sqkd/EmbyVision.xcodeproj -Xcc -fmodule-map-file\=/Users/runner/work/sqkd/sqkd/build/Build/Intermediates.noindex/GeneratedModuleMaps-iphoneos/FFmpegKit.modulemap -Xcc -fmodule-map-file\=/Users/runner/work/sqkd/sqkd/build/Build/Intermediates.noindex/GeneratedModuleMaps-iphoneos/DisplayCriteria.modulemap -Xcc -ivfsstatcache -Xcc /Users/runner/work/sqkd/sqkd/build/SDKStatCaches.noindex/iphoneos18.2-22C146-6f6929c68f51360d5ca70a73a7e0c2f9.sdkstatcache -Xcc -I/Users/runner/work/sqkd/sqkd/build/Build/Intermediates.noindex/KSPlayer.build/Release-iphoneos/KSPlayer.build/swift-overrides.hmap -Xcc -I/Users/runner/work/sqkd/sqkd/build/SourcePackages/checkouts/FFmpegKit/Sources/FFmpegKit/include -Xcc -I/Users/runner/work/sqkd/sqkd/build/SourcePackages/checkouts/KSPlayer/Sources/DisplayCriteria/include -Xcc -I/Users/runner/work/sqkd/sqkd/build/Build/Products/Release-iphoneos/include -Xcc -I/Users/runner/work/sqkd/sqkd/build/Build/Intermediates.noindex/KSPlayer.build/Release-iphoneos/KSPlayer.build/DerivedSources-normal/arm64 -Xcc -I/Users/runner/work/sqkd/sqkd/build/Build/Intermediates.noindex/KSPlayer.build/Release-iphoneos/KSPlayer.build/DerivedSources/arm64 -Xcc -I/Users/runner/work/sqkd/sqkd/build/Build/Intermediates.noindex/KSPlayer.build/Release-iphoneos/KSPlayer.build/DerivedSources -Xcc -DSWIFT_PACKAGE -module-name KSPlayer -package-name ksplayer -frontend-parseable-output -disable-clang-spi -target-sdk-version 18.2 -target-sdk-name iphoneos18.2 -external-plugin-path /Applications/Xcode_16.2.app/Contents/Developer/Platforms/iPhoneOS.platform/Developer/usr/lib/swift/host/plugins\#/Applications/Xcode_16.2.app/Contents/Developer/Platforms/iPhoneOS.platform/Developer/usr/bin/swift-plugin-server -external-plugin-path /Applications/Xcode_16.2.app/Contents/Developer/Platforms/iPhoneOS.platform/Developer/usr/local/lib/swift/host/plugins\#/Applications/Xcode_16.2.app/Contents/Developer/Platforms/iPhoneOS.platform/Developer/usr/bin/swift-plugin-server -plugin-path /Applications/Xcode_16.2.app/Contents/Developer/Toolchains/XcodeDefault.xctoolchain/usr/lib/swift/host/plugins -plugin-path /Applications/Xcode_16.2.app/Contents/Developer/Toolchains/XcodeDefault.xctoolchain/usr/local/lib/swift/host/plugins -enable-default-cmo -num-threads 3 -o /Users/runner/work/sqkd/sqkd/build/Build/Intermediates.noindex/KSPlayer.build/Release-iphoneos/KSPlayer.build/Objects-normal/arm64/resource_bundle_accessor.o -o /Users/runner/work/sqkd/sqkd/build/Build/Intermediates.noindex/KSPlayer.build/Release-iphoneos/KSPlayer.build/Objects-normal/arm64/KSAVPlayer.o -o /Users/runner/work/sqkd/sqkd/build/Build/Intermediates.noindex/KSPlayer.build/Release-iphoneos/KSPlayer.build/Objects-normal/arm64/KSOptions.o -o /Users/runner/work/sqkd/sqkd/build/Build/Intermediates.noindex/KSPlayer.build/Release-iphoneos/KSPlayer.build/Objects-normal/arm64/KSPictureInPictureController.o -o /Users/runner/work/sqkd/sqkd/build/Build/Intermediates.noindex/KSPlayer.build/Release-iphoneos/KSPlayer.build/Objects-normal/arm64/KSPlayerLayer.o -o /Users/runner/work/sqkd/sqkd/build/Build/Intermediates.noindex/KSPlayer.build/Release-iphoneos/KSPlayer.build/Objects-normal/arm64/KSVideoPlayer.o -o /Users/runner/work/sqkd/sqkd/build/Build/Intermediates.noindex/KSPlayer.build/Release-iphoneos/KSPlayer.build/Objects-normal/arm64/MediaPlayerProtocol.o -o /Users/runner/work/sqkd/sqkd/build/Build/Intermediates.noindex/KSPlayer.build/Release-iphoneos/KSPlayer.build/Objects-normal/arm64/PlayerDefines.o -o /Users/runner/work/sqkd/sqkd/build/Build/Intermediates.noindex/KSPlayer.build/Release-iphoneos/KSPlayer.build/Objects-normal/arm64/AudioPlayerView.o -o /Users/runner/work/sqkd/sqkd/build/Build/Intermediates.noindex/KSPlayer.build/Release-iphoneos/KSPlayer.build/Objects-normal/arm64/AppKitExtend.o -o /Users/runner/work/sqkd/sqkd/build/Build/Intermediates.noindex/KSPlayer.build/Release-iphoneos/KSPlayer.build/Objects-normal/arm64/PlayerToolBar.o -o /Users/runner/work/sqkd/sqkd/build/Build/Intermediates.noindex/KSPlayer.build/Release-iphoneos/KSPlayer.build/Objects-normal/arm64/PlayerView.o -o /Users/runner/work/sqkd/sqkd/build/Build/Intermediates.noindex/KSPlayer.build/Release-iphoneos/KSPlayer.build/Objects-normal/arm64/UIKitExtend.o -o /Users/runner/work/sqkd/sqkd/build/Build/Intermediates.noindex/KSPlayer.build/Release-iphoneos/KSPlayer.build/Objects-normal/arm64/UXKit.o -o /Users/runner/work/sqkd/sqkd/build/Build/Intermediates.noindex/KSPlayer.build/Release-iphoneos/KSPlayer.build/Objects-normal/arm64/Utility.o -o /Users/runner/work/sqkd/sqkd/build/Build/Intermediates.noindex/KSPlayer.build/Release-iphoneos/KSPlayer.build/Objects-normal/arm64/AVFFmpegExtension.o -o /Users/runner/work/sqkd/sqkd/build/Build/Intermediates.noindex/KSPlayer.build/Release-iphoneos/KSPlayer.build/Objects-normal/arm64/AVFoundationExtension.o -o /Users/runner/work/sqkd/sqkd/build/Build/Intermediates.noindex/KSPlayer.build/Release-iphoneos/KSPlayer.build/Objects-normal/arm64/AudioEnginePlayer.o -o /Users/runner/work/sqkd/sqkd/build/Build/Intermediates.noindex/KSPlayer.build/Release-iphoneos/KSPlayer.build/Objects-normal/arm64/AudioGraphPlayer.o -o /Users/runner/work/sqkd/sqkd/build/Build/Intermediates.noindex/KSPlayer.build/Release-iphoneos/KSPlayer.build/Objects-normal/arm64/AudioRendererPlayer.o -o /Users/runner/work/sqkd/sqkd/build/Build/Intermediates.noindex/KSPlayer.build/Release-iphoneos/KSPlayer.build/Objects-normal/arm64/AudioUnitPlayer.o -o /Users/runner/work/sqkd/sqkd/build/Build/Intermediates.noindex/KSPlayer.build/Release-iphoneos/KSPlayer.build/Objects-normal/arm64/CircularBuffer.o -o /Users/runner/work/sqkd/sqkd/build/Build/Intermediates.noindex/KSPlayer.build/Release-iphoneos/KSPlayer.build/Objects-normal/arm64/EmbedDataSouce.o -o /Users/runner/work/sqkd/sqkd/build/Build/Intermediates.noindex/KSPlayer.build/Release-iphoneos/KSPlayer.build/Objects-normal/arm64/FFmpegAssetTrack.o -o /Users/runner/work/sqkd/sqkd/build/Build/Intermediates.noindex/KSPlayer.build/Release-iphoneos/KSPlayer.build/Objects-normal/arm64/FFmpegDecode.o -o /Users/runner/work/sqkd/sqkd/build/Build/Intermediates.noindex/KSPlayer.build/Release-iphoneos/KSPlayer.build/Objects-normal/arm64/Filter.o -o /Users/runner/work/sqkd/sqkd/build/Build/Intermediates.noindex/KSPlayer.build/Release-iphoneos/KSPlayer.build/Objects-normal/arm64/KSMEPlayer.o -o /Users/runner/work/sqkd/sqkd/build/Build/Intermediates.noindex/KSPlayer.build/Release-iphoneos/KSPlayer.build/Objects-normal/arm64/MEPlayerItem.o -o /Users/runner/work/sqkd/sqkd/build/Build/Intermediates.noindex/KSPlayer.build/Release-iphoneos/KSPlayer.build/Objects-normal/arm64/MEPlayerItemTrack.o -o /Users/runner/work/sqkd/sqkd/build/Build/Intermediates.noindex/KSPlayer.build/Release-iphoneos/KSPlayer.build/Objects-normal/arm64/MetalPlayView.o -o /Users/runner/work/sqkd/sqkd/build/Build/Intermediates.noindex/KSPlayer.build/Release-iphoneos/KSPlayer.build/Objects-normal/arm64/Model.o -o /Users/runner/work/sqkd/sqkd/build/Build/Intermediates.noindex/KSPlayer.build/Release-iphoneos/KSPlayer.build/Objects-normal/arm64/Resample.o -o /Users/runner/work/sqkd/sqkd/build/Build/Intermediates.noindex/KSPlayer.build/Release-iphoneos/KSPlayer.build/Objects-normal/arm64/SubtitleDecode.o -o /Users/runner/work/sqkd/sqkd/build/Build/Intermediates.noindex/KSPlayer.build/Release-iphoneos/KSPlayer.build/Objects-normal/arm64/ThumbnailController.o -o /Users/runner/work/sqkd/sqkd/build/Build/Intermediates.noindex/KSPlayer.build/Release-iphoneos/KSPlayer.build/Objects-normal/arm64/VideoToolboxDecode.o -o /Users/runner/work/sqkd/sqkd/build/Build/Intermediates.noindex/KSPlayer.build/Release-iphoneos/KSPlayer.build/Objects-normal/arm64/DisplayModel.o -o /Users/runner/work/sqkd/sqkd/build/Build/Intermediates.noindex/KSPlayer.build/Release-iphoneos/KSPlayer.build/Objects-normal/arm64/MetalRender.o -o /Users/runner/work/sqkd/sqkd/build/Build/Intermediates.noindex/KSPlayer.build/Release-iphoneos/KSPlayer.build/Objects-normal/arm64/MotionSensor.o -o /Users/runner/work/sqkd/sqkd/build/Build/Intermediates.noindex/KSPlayer.build/Release-iphoneos/KSPlayer.build/Objects-normal/arm64/PixelBufferProtocol.o -o /Users/runner/work/sqkd/sqkd/build/Build/Intermediates.noindex/KSPlayer.build/Release-iphoneos/KSPlayer.build/Objects-normal/arm64/Transforms.o -o /Users/runner/work/sqkd/sqkd/build/Build/Intermediates.noindex/KSPlayer.build/Release-iphoneos/KSPlayer.build/Objects-normal/arm64/AudioRecognize.o -o /Users/runner/work/sqkd/sqkd/build/Build/Intermediates.noindex/KSPlayer.build/Release-iphoneos/KSPlayer.build/Objects-normal/arm64/KSParseProtocol.o -o /Users/runner/work/sqkd/sqkd/build/Build/Intermediates.noindex/KSPlayer.build/Release-iphoneos/KSPlayer.build/Objects-normal/arm64/KSSubtitle.o -o /Users/runner/work/sqkd/sqkd/build/Build/Intermediates.noindex/KSPlayer.build/Release-iphoneos/KSPlayer.build/Objects-normal/arm64/SubtitleDataSouce.o -o /Users/runner/work/sqkd/sqkd/build/Build/Intermediates.noindex/KSPlayer.build/Release-iphoneos/KSPlayer.build/Objects-normal/arm64/AirPlayView.o -o /Users/runner/work/sqkd/sqkd/build/Build/Intermediates.noindex/KSPlayer.build/Release-iphoneos/KSPlayer.build/Objects-normal/arm64/KSVideoPlayerView.o -o /Users/runner/work/sqkd/sqkd/build/Build/Intermediates.noindex/KSPlayer.build/Release-iphoneos/KSPlayer.build/Objects-normal/arm64/KSVideoPlayerViewBuilder.o -o /Users/runner/work/sqkd/sqkd/build/Build/Intermediates.noindex/KSPlayer.build/Release-iphoneos/KSPlayer.build/Objects-normal/arm64/LiveTextImage.o -o /Users/runner/work/sqkd/sqkd/build/Build/Intermediates.noindex/KSPlayer.build/Release-iphoneos/KSPlayer.build/Objects-normal/arm64/Slider.o -o /Users/runner/work/sqkd/sqkd/build/Build/Intermediates.noindex/KSPlayer.build/Release-iphoneos/KSPlayer.build/Objects-normal/arm64/BrightnessVolume.o -o /Users/runner/work/sqkd/sqkd/build/Build/Intermediates.noindex/KSPlayer.build/Release-iphoneos/KSPlayer.build/Objects-normal/arm64/IOSVideoPlayerView.o -o /Users/runner/work/sqkd/sqkd/build/Build/Intermediates.noindex/KSPlayer.build/Release-iphoneos/KSPlayer.build/Objects-normal/arm64/KSMenu.o -o /Users/runner/work/sqkd/sqkd/build/Build/Intermediates.noindex/KSPlayer.build/Release-iphoneos/KSPlayer.build/Objects-normal/arm64/KSPlayerItem.o -o /Users/runner/work/sqkd/sqkd/build/Build/Intermediates.noindex/KSPlayer.build/Release-iphoneos/KSPlayer.build/Objects-normal/arm64/MacVideoPlayerView.o -o /Users/runner/work/sqkd/sqkd/build/Build/Intermediates.noindex/KSPlayer.build/Release-iphoneos/KSPlayer.build/Objects-normal/arm64/PlayerFullScreenViewController.o -o /Users/runner/work/sqkd/sqkd/build/Build/Intermediates.noindex/KSPlayer.build/Release-iphoneos/KSPlayer.build/Objects-normal/arm64/PlayerTransitionAnimator.o -o /Users/runner/work/sqkd/sqkd/build/Build/Intermediates.noindex/KSPlayer.build/Release-iphoneos/KSPlayer.build/Objects-normal/arm64/SeekView.o -o /Users/runner/work/sqkd/sqkd/build/Build/Intermediates.noindex/KSPlayer.build/Release-iphoneos/KSPlayer.build/Objects-normal/arm64/VideoPlayerView.o -index-unit-output-path /KSPlayer.build/Release-iphoneos/KSPlayer.build/Objects-normal/arm64/resource_bundle_accessor.o -index-unit-output-path /KSPlayer.build/Release-iphoneos/KSPlayer.build/Objects-normal/arm64/KSAVPlayer.o -index-unit-output-path /KSPlayer.build/Release-iphoneos/KSPlayer.build/Objects-normal/arm64/KSOptions.o -index-unit-output-path /KSPlayer.build/Release-iphoneos/KSPlayer.build/Objects-normal/arm64/KSPictureInPictureController.o -index-unit-output-path /KSPlayer.build/Release-iphoneos/KSPlayer.build/Objects-normal/arm64/KSPlayerLayer.o -index-unit-output-path /KSPlayer.build/Release-iphoneos/KSPlayer.build/Objects-normal/arm64/KSVideoPlayer.o -index-unit-output-path /KSPlayer.build/Release-iphoneos/KSPlayer.build/Objects-normal/arm64/MediaPlayerProtocol.o -index-unit-output-path /KSPlayer.build/Release-iphoneos/KSPlayer.build/Objects-normal/arm64/PlayerDefines.o -index-unit-output-path /KSPlayer.build/Release-iphoneos/KSPlayer.build/Objects-normal/arm64/AudioPlayerView.o -index-unit-output-path /KSPlayer.build/Release-iphoneos/KSPlayer.build/Objects-normal/arm64/AppKitExtend.o -index-unit-output-path /KSPlayer.build/Release-iphoneos/KSPlayer.build/Objects-normal/arm64/PlayerToolBar.o -index-unit-output-path /KSPlayer.build/Release-iphoneos/KSPlayer.build/Objects-normal/arm64/PlayerView.o -index-unit-output-path /KSPlayer.build/Release-iphoneos/KSPlayer.build/Objects-normal/arm64/UIKitExtend.o -index-unit-output-path /KSPlayer.build/Release-iphoneos/KSPlayer.build/Objects-normal/arm64/UXKit.o -index-unit-output-path /KSPlayer.build/Release-iphoneos/KSPlayer.build/Objects-normal/arm64/Utility.o -index-unit-output-path /KSPlayer.build/Release-iphoneos/KSPlayer.build/Objects-normal/arm64/AVFFmpegExtension.o -index-unit-output-path /KSPlayer.build/Release-iphoneos/KSPlayer.build/Objects-normal/arm64/AVFoundationExtension.o -index-unit-output-path /KSPlayer.build/Release-iphoneos/KSPlayer.build/Objects-normal/arm64/AudioEnginePlayer.o -index-unit-output-path /KSPlayer.build/Release-iphoneos/KSPlayer.build/Objects-normal/arm64/AudioGraphPlayer.o -index-unit-output-path /KSPlayer.build/Release-iphoneos/KSPlayer.build/Objects-normal/arm64/AudioRendererPlayer.o -index-unit-output-path /KSPlayer.build/Release-iphoneos/KSPlayer.build/Objects-normal/arm64/AudioUnitPlayer.o -index-unit-output-path /KSPlayer.build/Release-iphoneos/KSPlayer.build/Objects-normal/arm64/CircularBuffer.o -index-unit-output-path /KSPlayer.build/Release-iphoneos/KSPlayer.build/Objects-normal/arm64/EmbedDataSouce.o -index-unit-output-path /KSPlayer.build/Release-iphoneos/KSPlayer.build/Objects-normal/arm64/FFmpegAssetTrack.o -index-unit-output-path /KSPlayer.build/Release-iphoneos/KSPlayer.build/Objects-normal/arm64/FFmpegDecode.o -index-unit-output-path /KSPlayer.build/Release-iphoneos/KSPlayer.build/Objects-normal/arm64/Filter.o -index-unit-output-path /KSPlayer.build/Release-iphoneos/KSPlayer.build/Objects-normal/arm64/KSMEPlayer.o -index-unit-output-path /KSPlayer.build/Release-iphoneos/KSPlayer.build/Objects-normal/arm64/MEPlayerItem.o -index-unit-output-path /KSPlayer.build/Release-iphoneos/KSPlayer.build/Objects-normal/arm64/MEPlayerItemTrack.o -index-unit-output-path /KSPlayer.build/Release-iphoneos/KSPlayer.build/Objects-normal/arm64/MetalPlayView.o -index-unit-output-path /KSPlayer.build/Release-iphoneos/KSPlayer.build/Objects-normal/arm64/Model.o -index-unit-output-path /KSPlayer.build/Release-iphoneos/KSPlayer.build/Objects-normal/arm64/Resample.o -index-unit-output-path /KSPlayer.build/Release-iphoneos/KSPlayer.build/Objects-normal/arm64/SubtitleDecode.o -index-unit-output-path /KSPlayer.build/Release-iphoneos/KSPlayer.build/Objects-normal/arm64/ThumbnailController.o -index-unit-output-path /KSPlayer.build/Release-iphoneos/KSPlayer.build/Objects-normal/arm64/VideoToolboxDecode.o -index-unit-output-path /KSPlayer.build/Release-iphoneos/KSPlayer.build/Objects-normal/arm64/DisplayModel.o -index-unit-output-path /KSPlayer.build/Release-iphoneos/KSPlayer.build/Objects-normal/arm64/MetalRender.o -index-unit-output-path /KSPlayer.build/Release-iphoneos/KSPlayer.build/Objects-normal/arm64/MotionSensor.o -index-unit-output-path /KSPlayer.build/Release-iphoneos/KSPlayer.build/Objects-normal/arm64/PixelBufferProtocol.o -index-unit-output-path /KSPlayer.build/Release-iphoneos/KSPlayer.build/Objects-normal/arm64/Transforms.o -index-unit-output-path /KSPlayer.build/Release-iphoneos/KSPlayer.build/Objects-normal/arm64/AudioRecognize.o -index-unit-output-path /KSPlayer.build/Release-iphoneos/KSPlayer.build/Objects-normal/arm64/KSParseProtocol.o -index-unit-output-path /KSPlayer.build/Release-iphoneos/KSPlayer.build/Objects-normal/arm64/KSSubtitle.o -index-unit-output-path /KSPlayer.build/Release-iphoneos/KSPlayer.build/Objects-normal/arm64/SubtitleDataSouce.o -index-unit-output-path /KSPlayer.build/Release-iphoneos/KSPlayer.build/Objects-normal/arm64/AirPlayView.o -index-unit-output-path /KSPlayer.build/Release-iphoneos/KSPlayer.build/Objects-normal/arm64/KSVideoPlayerView.o -index-unit-output-path /KSPlayer.build/Release-iphoneos/KSPlayer.build/Objects-normal/arm64/KSVideoPlayerViewBuilder.o -index-unit-output-path /KSPlayer.build/Release-iphoneos/KSPlayer.build/Objects-normal/arm64/LiveTextImage.o -index-unit-output-path /KSPlayer.build/Release-iphoneos/KSPlayer.build/Objects-normal/arm64/Slider.o -index-unit-output-path /KSPlayer.build/Release-iphoneos/KSPlayer.build/Objects-normal/arm64/BrightnessVolume.o -index-unit-output-path /KSPlayer.build/Release-iphoneos/KSPlayer.build/Objects-normal/arm64/IOSVideoPlayerView.o -index-unit-output-path /KSPlayer.build/Release-iphoneos/KSPlayer.build/Objects-normal/arm64/KSMenu.o -index-unit-output-path /KSPlayer.build/Release-iphoneos/KSPlayer.build/Objects-normal/arm64/KSPlayerItem.o -index-unit-output-path /KSPlayer.build/Release-iphoneos/KSPlayer.build/Objects-normal/arm64/MacVideoPlayerView.o -index-unit-output-path /KSPlayer.build/Release-iphoneos/KSPlayer.build/Objects-normal/arm64/PlayerFullScreenViewController.o -index-unit-output-path /KSPlayer.build/Release-iphoneos/KSPlayer.build/Objects-normal/arm64/PlayerTransitionAnimator.o -index-unit-output-path /KSPlayer.build/Release-iphoneos/KSPlayer.build/Objects-normal/arm64/SeekView.o -index-unit-output-path /KSPlayer.build/Release-iphoneos/KSPlayer.build/Objects-normal/arm64/VideoPlayerView.o

CompileSwift normal arm64 (in target 'KSPlayer' from project 'KSPlayer')
    cd /Users/runner/work/sqkd/sqkd/EmbyVision.xcodeproj
    /Applications/Xcode_16.2.app/Contents/Developer/Toolchains/XcodeDefault.xctoolchain/usr/bin/swift-frontend -c /Users/runner/work/sqkd/sqkd/build/Build/Intermediates.noindex/KSPlayer.build/Release-iphoneos/KSPlayer.build/DerivedSources/resource_bundle_accessor.swift /Users/runner/work/sqkd/sqkd/build/SourcePackages/checkouts/KSPlayer/Sources/KSPlayer/AVPlayer/KSAVPlayer.swift /Users/runner/work/sqkd/sqkd/build/SourcePackages/checkouts/KSPlayer/Sources/KSPlayer/AVPlayer/KSOptions.swift /Users/runner/work/sqkd/sqkd/build/SourcePackages/checkouts/KSPlayer/Sources/KSPlayer/AVPlayer/KSPictureInPictureController.swift /Users/runner/work/sqkd/sqkd/build/SourcePackages/checkouts/KSPlayer/Sources/KSPlayer/AVPlayer/KSPlayerLayer.swift /Users/runner/work/sqkd/sqkd/build/SourcePackages/checkouts/KSPlayer/Sources/KSPlayer/AVPlayer/KSVideoPlayer.swift /Users/runner/work/sqkd/sqkd/build/SourcePackages/checkouts/KSPlayer/Sources/KSPlayer/AVPlayer/MediaPlayerProtocol.swift /Users/runner/work/sqkd/sqkd/build/SourcePackages/checkouts/KSPlayer/Sources/KSPlayer/AVPlayer/PlayerDefines.swift /Users/runner/work/sqkd/sqkd/build/SourcePackages/checkouts/KSPlayer/Sources/KSPlayer/Audio/AudioPlayerView.swift /Users/runner/work/sqkd/sqkd/build/SourcePackages/checkouts/KSPlayer/Sources/KSPlayer/Core/AppKitExtend.swift /Users/runner/work/sqkd/sqkd/build/SourcePackages/checkouts/KSPlayer/Sources/KSPlayer/Core/PlayerToolBar.swift /Users/runner/work/sqkd/sqkd/build/SourcePackages/checkouts/KSPlayer/Sources/KSPlayer/Core/PlayerView.swift /Users/runner/work/sqkd/sqkd/build/SourcePackages/checkouts/KSPlayer/Sources/KSPlayer/Core/UIKitExtend.swift /Users/runner/work/sqkd/sqkd/build/SourcePackages/checkouts/KSPlayer/Sources/KSPlayer/Core/UXKit.swift /Users/runner/work/sqkd/sqkd/build/SourcePackages/checkouts/KSPlayer/Sources/KSPlayer/Core/Utility.swift /Users/runner/work/sqkd/sqkd/build/SourcePackages/checkouts/KSPlayer/Sources/KSPlayer/MEPlayer/AVFFmpegExtension.swift /Users/runner/work/sqkd/sqkd/build/SourcePackages/checkouts/KSPlayer/Sources/KSPlayer/MEPlayer/AVFoundationExtension.swift /Users/runner/work/sqkd/sqkd/build/SourcePackages/checkouts/KSPlayer/Sources/KSPlayer/MEPlayer/AudioEnginePlayer.swift /Users/runner/work/sqkd/sqkd/build/SourcePackages/checkouts/KSPlayer/Sources/KSPlayer/MEPlayer/AudioGraphPlayer.swift /Users/runner/work/sqkd/sqkd/build/SourcePackages/checkouts/KSPlayer/Sources/KSPlayer/MEPlayer/AudioRendererPlayer.swift /Users/runner/work/sqkd/sqkd/build/SourcePackages/checkouts/KSPlayer/Sources/KSPlayer/MEPlayer/AudioUnitPlayer.swift /Users/runner/work/sqkd/sqkd/build/SourcePackages/checkouts/KSPlayer/Sources/KSPlayer/MEPlayer/CircularBuffer.swift /Users/runner/work/sqkd/sqkd/build/SourcePackages/checkouts/KSPlayer/Sources/KSPlayer/MEPlayer/EmbedDataSouce.swift /Users/runner/work/sqkd/sqkd/build/SourcePackages/checkouts/KSPlayer/Sources/KSPlayer/MEPlayer/FFmpegAssetTrack.swift /Users/runner/work/sqkd/sqkd/build/SourcePackages/checkouts/KSPlayer/Sources/KSPlayer/MEPlayer/FFmpegDecode.swift /Users/runner/work/sqkd/sqkd/build/SourcePackages/checkouts/KSPlayer/Sources/KSPlayer/MEPlayer/Filter.swift /Users/runner/work/sqkd/sqkd/build/SourcePackages/checkouts/KSPlayer/Sources/KSPlayer/MEPlayer/KSMEPlayer.swift /Users/runner/work/sqkd/sqkd/build/SourcePackages/checkouts/KSPlayer/Sources/KSPlayer/MEPlayer/MEPlayerItem.swift /Users/runner/work/sqkd/sqkd/build/SourcePackages/checkouts/KSPlayer/Sources/KSPlayer/MEPlayer/MEPlayerItemTrack.swift /Users/runner/work/sqkd/sqkd/build/SourcePackages/checkouts/KSPlayer/Sources/KSPlayer/MEPlayer/MetalPlayView.swift /Users/runner/work/sqkd/sqkd/build/SourcePackages/checkouts/KSPlayer/Sources/KSPlayer/MEPlayer/Model.swift /Users/runner/work/sqkd/sqkd/build/SourcePackages/checkouts/KSPlayer/Sources/KSPlayer/MEPlayer/Resample.swift /Users/runner/work/sqkd/sqkd/build/SourcePackages/checkouts/KSPlayer/Sources/KSPlayer/MEPlayer/SubtitleDecode.swift /Users/runner/work/sqkd/sqkd/build/SourcePackages/checkouts/KSPlayer/Sources/KSPlayer/MEPlayer/ThumbnailController.swift /Users/runner/work/sqkd/sqkd/build/SourcePackages/checkouts/KSPlayer/Sources/KSPlayer/MEPlayer/VideoToolboxDecode.swift /Users/runner/work/sqkd/sqkd/build/SourcePackages/checkouts/KSPlayer/Sources/KSPlayer/Metal/DisplayModel.swift /Users/runner/work/sqkd/sqkd/build/SourcePackages/checkouts/KSPlayer/Sources/KSPlayer/Metal/MetalRender.swift /Users/runner/work/sqkd/sqkd/build/SourcePackages/checkouts/KSPlayer/Sources/KSPlayer/Metal/MotionSensor.swift /Users/runner/work/sqkd/sqkd/build/SourcePackages/checkouts/KSPlayer/Sources/KSPlayer/Metal/PixelBufferProtocol.swift /Users/runner/work/sqkd/sqkd/build/SourcePackages/checkouts/KSPlayer/Sources/KSPlayer/Metal/Transforms.swift /Users/runner/work/sqkd/sqkd/build/SourcePackages/checkouts/KSPlayer/Sources/KSPlayer/Subtitle/AudioRecognize.swift /Users/runner/work/sqkd/sqkd/build/SourcePackages/checkouts/KSPlayer/Sources/KSPlayer/Subtitle/KSParseProtocol.swift /Users/runner/work/sqkd/sqkd/build/SourcePackages/checkouts/KSPlayer/Sources/KSPlayer/Subtitle/KSSubtitle.swift /Users/runner/work/sqkd/sqkd/build/SourcePackages/checkouts/KSPlayer/Sources/KSPlayer/Subtitle/SubtitleDataSouce.swift /Users/runner/work/sqkd/sqkd/build/SourcePackages/checkouts/KSPlayer/Sources/KSPlayer/SwiftUI/AirPlayView.swift /Users/runner/work/sqkd/sqkd/build/SourcePackages/checkouts/KSPlayer/Sources/KSPlayer/SwiftUI/KSVideoPlayerView.swift /Users/runner/work/sqkd/sqkd/build/SourcePackages/checkouts/KSPlayer/Sources/KSPlayer/SwiftUI/KSVideoPlayerViewBuilder.swift /Users/runner/work/sqkd/sqkd/build/SourcePackages/checkouts/KSPlayer/Sources/KSPlayer/SwiftUI/LiveTextImage.swift /Users/runner/work/sqkd/sqkd/build/SourcePackages/checkouts/KSPlayer/Sources/KSPlayer/SwiftUI/Slider.swift /Users/runner/work/sqkd/sqkd/build/SourcePackages/checkouts/KSPlayer/Sources/KSPlayer/Video/BrightnessVolume.swift /Users/runner/work/sqkd/sqkd/build/SourcePackages/checkouts/KSPlayer/Sources/KSPlayer/Video/IOSVideoPlayerView.swift /Users/runner/work/sqkd/sqkd/build/SourcePackages/checkouts/KSPlayer/Sources/KSPlayer/Video/KSMenu.swift /Users/runner/work/sqkd/sqkd/build/SourcePackages/checkouts/KSPlayer/Sources/KSPlayer/Video/KSPlayerItem.swift /Users/runner/work/sqkd/sqkd/build/SourcePackages/checkouts/KSPlayer/Sources/KSPlayer/Video/MacVideoPlayerView.swift /Users/runner/work/sqkd/sqkd/build/SourcePackages/checkouts/KSPlayer/Sources/KSPlayer/Video/PlayerFullScreenViewController.swift /Users/runner/work/sqkd/sqkd/build/SourcePackages/checkouts/KSPlayer/Sources/KSPlayer/Video/PlayerTransitionAnimator.swift /Users/runner/work/sqkd/sqkd/build/SourcePackages/checkouts/KSPlayer/Sources/KSPlayer/Video/SeekView.swift /Users/runner/work/sqkd/sqkd/build/SourcePackages/checkouts/KSPlayer/Sources/KSPlayer/Video/VideoPlayerView.swift -supplementary-output-file-map /Users/runner/work/sqkd/sqkd/build/Build/Intermediates.noindex/KSPlayer.build/Release-iphoneos/KSPlayer.build/Objects-normal/arm64/supplementaryOutputs-1 -emit-localized-strings -emit-localized-strings-path /Users/runner/work/sqkd/sqkd/build/Build/Intermediates.noindex/KSPlayer.build/Release-iphoneos/KSPlayer.build/Objects-normal/arm64 -target arm64-apple-ios13.0 -Xllvm -aarch64-use-tbi -enable-objc-interop -stack-check -sdk /Applications/Xcode_16.2.app/Contents/Developer/Platforms/iPhoneOS.platform/Developer/SDKs/iPhoneOS18.2.sdk -I /Users/runner/work/sqkd/sqkd/build/Build/Products/Release-iphoneos -I /Applications/Xcode_16.2.app/Contents/Developer/Platforms/iPhoneOS.platform/Developer/usr/lib -F /Users/runner/work/sqkd/sqkd/build/Build/Products/Release-iphoneos/PackageFrameworks -F /Users/runner/work/sqkd/sqkd/build/Build/Products/Release-iphoneos/PackageFrameworks -F /Users/runner/work/sqkd/sqkd/build/Build/Products/Release-iphoneos -F /Applications/Xcode_16.2.app/Contents/Developer/Platforms/iPhoneOS.platform/Developer/Library/Frameworks -F /Applications/Xcode_16.2.app/Contents/Developer/Platforms/iPhoneOS.platform/Developer/SDKs/iPhoneOS18.2.sdk/Developer/Library/Frameworks -no-color-diagnostics -g -debug-info-format\=dwarf -dwarf-version\=4 -module-cache-path /Users/runner/work/sqkd/sqkd/build/ModuleCache.noindex -suppress-warnings -swift-version 5 -enforce-exclusivity\=checked -O -D SWIFT_PACKAGE -D Xcode -serialize-debugging-options -const-gather-protocols-file /Users/runner/work/sqkd/sqkd/build/Build/Intermediates.noindex/KSPlayer.build/Release-iphoneos/KSPlayer.build/Objects-normal/arm64/KSPlayer_const_extract_protocols.json -enable-experimental-feature StrictConcurrency -enable-experimental-feature DebugDescriptionMacro -empty-abi-descriptor -plugin-path /Applications/Xcode_16.2.app/Contents/Developer/Toolchains/XcodeDefault.xctoolchain/usr/lib/swift/host/plugins/testing -validate-clang-modules-once -clang-build-session-file /Users/runner/work/sqkd/sqkd/build/ModuleCache.noindex/Session.modulevalidation -Xcc -working-directory -Xcc /Users/runner/work/sqkd/sqkd/EmbyVision.xcodeproj -resource-dir /Applications/Xcode_16.2.app/Contents/Developer/Toolchains/XcodeDefault.xctoolchain/usr/lib/swift -file-compilation-dir /Users/runner/work/sqkd/sqkd/EmbyVision.xcodeproj -Xcc -fmodule-map-file\=/Users/runner/work/sqkd/sqkd/build/Build/Intermediates.noindex/GeneratedModuleMaps-iphoneos/FFmpegKit.modulemap -Xcc -fmodule-map-file\=/Users/runner/work/sqkd/sqkd/build/Build/Intermediates.noindex/GeneratedModuleMaps-iphoneos/DisplayCriteria.modulemap -Xcc -ivfsstatcache -Xcc /Users/runner/work/sqkd/sqkd/build/SDKStatCaches.noindex/iphoneos18.2-22C146-6f6929c68f51360d5ca70a73a7e0c2f9.sdkstatcache -Xcc -I/Users/runner/work/sqkd/sqkd/build/Build/Intermediates.noindex/KSPlayer.build/Release-iphoneos/KSPlayer.build/swift-overrides.hmap -Xcc -I/Users/runner/work/sqkd/sqkd/build/SourcePackages/checkouts/FFmpegKit/Sources/FFmpegKit/include -Xcc -I/Users/runner/work/sqkd/sqkd/build/SourcePackages/checkouts/KSPlayer/Sources/DisplayCriteria/include -Xcc -I/Users/runner/work/sqkd/sqkd/build/Build/Products/Release-iphoneos/include -Xcc -I/Users/runner/work/sqkd/sqkd/build/Build/Intermediates.noindex/KSPlayer.build/Release-iphoneos/KSPlayer.build/DerivedSources-normal/arm64 -Xcc -I/Users/runner/work/sqkd/sqkd/build/Build/Intermediates.noindex/KSPlayer.build/Release-iphoneos/KSPlayer.build/DerivedSources/arm64 -Xcc -I/Users/runner/work/sqkd/sqkd/build/Build/Intermediates.noindex/KSPlayer.build/Release-iphoneos/KSPlayer.build/DerivedSources -Xcc -DSWIFT_PACKAGE -module-name KSPlayer -package-name ksplayer -frontend-parseable-output -disable-clang-spi -target-sdk-version 18.2 -target-sdk-name iphoneos18.2 -external-plugin-path /Applications/Xcode_16.2.app/Contents/Developer/Platforms/iPhoneOS.platform/Developer/usr/lib/swift/host/plugins\#/Applications/Xcode_16.2.app/Contents/Developer/Platforms/iPhoneOS.platform/Developer/usr/bin/swift-plugin-server -external-plugin-path /Applications/Xcode_16.2.app/Contents/Developer/Platforms/iPhoneOS.platform/Developer/usr/local/lib/swift/host/plugins\#/Applications/Xcode_16.2.app/Contents/Developer/Platforms/iPhoneOS.platform/Developer/usr/bin/swift-plugin-server -plugin-path /Applications/Xcode_16.2.app/Contents/Developer/Toolchains/XcodeDefault.xctoolchain/usr/lib/swift/host/plugins -plugin-path /Applications/Xcode_16.2.app/Contents/Developer/Toolchains/XcodeDefault.xctoolchain/usr/local/lib/swift/host/plugins -enable-default-cmo -num-threads 3 -o /Users/runner/work/sqkd/sqkd/build/Build/Intermediates.noindex/KSPlayer.build/Release-iphoneos/KSPlayer.build/Objects-normal/arm64/resource_bundle_accessor.o -o /Users/runner/work/sqkd/sqkd/build/Build/Intermediates.noindex/KSPlayer.build/Release-iphoneos/KSPlayer.build/Objects-normal/arm64/KSAVPlayer.o -o /Users/runner/work/sqkd/sqkd/build/Build/Intermediates.noindex/KSPlayer.build/Release-iphoneos/KSPlayer.build/Objects-normal/arm64/KSOptions.o -o /Users/runner/work/sqkd/sqkd/build/Build/Intermediates.noindex/KSPlayer.build/Release-iphoneos/KSPlayer.build/Objects-normal/arm64/KSPictureInPictureController.o -o /Users/runner/work/sqkd/sqkd/build/Build/Intermediates.noindex/KSPlayer.build/Release-iphoneos/KSPlayer.build/Objects-normal/arm64/KSPlayerLayer.o -o /Users/runner/work/sqkd/sqkd/build/Build/Intermediates.noindex/KSPlayer.build/Release-iphoneos/KSPlayer.build/Objects-normal/arm64/KSVideoPlayer.o -o /Users/runner/work/sqkd/sqkd/build/Build/Intermediates.noindex/KSPlayer.build/Release-iphoneos/KSPlayer.build/Objects-normal/arm64/MediaPlayerProtocol.o -o /Users/runner/work/sqkd/sqkd/build/Build/Intermediates.noindex/KSPlayer.build/Release-iphoneos/KSPlayer.build/Objects-normal/arm64/PlayerDefines.o -o /Users/runner/work/sqkd/sqkd/build/Build/Intermediates.noindex/KSPlayer.build/Release-iphoneos/KSPlayer.build/Objects-normal/arm64/AudioPlayerView.o -o /Users/runner/work/sqkd/sqkd/build/Build/Intermediates.noindex/KSPlayer.build/Release-iphoneos/KSPlayer.build/Objects-normal/arm64/AppKitExtend.o -o /Users/runner/work/sqkd/sqkd/build/Build/Intermediates.noindex/KSPlayer.build/Release-iphoneos/KSPlayer.build/Objects-normal/arm64/PlayerToolBar.o -o /Users/runner/work/sqkd/sqkd/build/Build/Intermediates.noindex/KSPlayer.build/Release-iphoneos/KSPlayer.build/Objects-normal/arm64/PlayerView.o -o /Users/runner/work/sqkd/sqkd/build/Build/Intermediates.noindex/KSPlayer.build/Release-iphoneos/KSPlayer.build/Objects-normal/arm64/UIKitExtend.o -o /Users/runner/work/sqkd/sqkd/build/Build/Intermediates.noindex/KSPlayer.build/Release-iphoneos/KSPlayer.build/Objects-normal/arm64/UXKit.o -o /Users/runner/work/sqkd/sqkd/build/Build/Intermediates.noindex/KSPlayer.build/Release-iphoneos/KSPlayer.build/Objects-normal/arm64/Utility.o -o /Users/runner/work/sqkd/sqkd/build/Build/Intermediates.noindex/KSPlayer.build/Release-iphoneos/KSPlayer.build/Objects-normal/arm64/AVFFmpegExtension.o -o /Users/runner/work/sqkd/sqkd/build/Build/Intermediates.noindex/KSPlayer.build/Release-iphoneos/KSPlayer.build/Objects-normal/arm64/AVFoundationExtension.o -o /Users/runner/work/sqkd/sqkd/build/Build/Intermediates.noindex/KSPlayer.build/Release-iphoneos/KSPlayer.build/Objects-normal/arm64/AudioEnginePlayer.o -o /Users/runner/work/sqkd/sqkd/build/Build/Intermediates.noindex/KSPlayer.build/Release-iphoneos/KSPlayer.build/Objects-normal/arm64/AudioGraphPlayer.o -o /Users/runner/work/sqkd/sqkd/build/Build/Intermediates.noindex/KSPlayer.build/Release-iphoneos/KSPlayer.build/Objects-normal/arm64/AudioRendererPlayer.o -o /Users/runner/work/sqkd/sqkd/build/Build/Intermediates.noindex/KSPlayer.build/Release-iphoneos/KSPlayer.build/Objects-normal/arm64/AudioUnitPlayer.o -o /Users/runner/work/sqkd/sqkd/build/Build/Intermediates.noindex/KSPlayer.build/Release-iphoneos/KSPlayer.build/Objects-normal/arm64/CircularBuffer.o -o /Users/runner/work/sqkd/sqkd/build/Build/Intermediates.noindex/KSPlayer.build/Release-iphoneos/KSPlayer.build/Objects-normal/arm64/EmbedDataSouce.o -o /Users/runner/work/sqkd/sqkd/build/Build/Intermediates.noindex/KSPlayer.build/Release-iphoneos/KSPlayer.build/Objects-normal/arm64/FFmpegAssetTrack.o -o /Users/runner/work/sqkd/sqkd/build/Build/Intermediates.noindex/KSPlayer.build/Release-iphoneos/KSPlayer.build/Objects-normal/arm64/FFmpegDecode.o -o /Users/runner/work/sqkd/sqkd/build/Build/Intermediates.noindex/KSPlayer.build/Release-iphoneos/KSPlayer.build/Objects-normal/arm64/Filter.o -o /Users/runner/work/sqkd/sqkd/build/Build/Intermediates.noindex/KSPlayer.build/Release-iphoneos/KSPlayer.build/Objects-normal/arm64/KSMEPlayer.o -o /Users/runner/work/sqkd/sqkd/build/Build/Intermediates.noindex/KSPlayer.build/Release-iphoneos/KSPlayer.build/Objects-normal/arm64/MEPlayerItem.o -o /Users/runner/work/sqkd/sqkd/build/Build/Intermediates.noindex/KSPlayer.build/Release-iphoneos/KSPlayer.build/Objects-normal/arm64/MEPlayerItemTrack.o -o /Users/runner/work/sqkd/sqkd/build/Build/Intermediates.noindex/KSPlayer.build/Release-iphoneos/KSPlayer.build/Objects-normal/arm64/MetalPlayView.o -o /Users/runner/work/sqkd/sqkd/build/Build/Intermediates.noindex/KSPlayer.build/Release-iphoneos/KSPlayer.build/Objects-normal/arm64/Model.o -o /Users/runner/work/sqkd/sqkd/build/Build/Intermediates.noindex/KSPlayer.build/Release-iphoneos/KSPlayer.build/Objects-normal/arm64/Resample.o -o /Users/runner/work/sqkd/sqkd/build/Build/Intermediates.noindex/KSPlayer.build/Release-iphoneos/KSPlayer.build/Objects-normal/arm64/SubtitleDecode.o -o /Users/runner/work/sqkd/sqkd/build/Build/Intermediates.noindex/KSPlayer.build/Release-iphoneos/KSPlayer.build/Objects-normal/arm64/ThumbnailController.o -o /Users/runner/work/sqkd/sqkd/build/Build/Intermediates.noindex/KSPlayer.build/Release-iphoneos/KSPlayer.build/Objects-normal/arm64/VideoToolboxDecode.o -o /Users/runner/work/sqkd/sqkd/build/Build/Intermediates.noindex/KSPlayer.build/Release-iphoneos/KSPlayer.build/Objects-normal/arm64/DisplayModel.o -o /Users/runner/work/sqkd/sqkd/build/Build/Intermediates.noindex/KSPlayer.build/Release-iphoneos/KSPlayer.build/Objects-normal/arm64/MetalRender.o -o /Users/runner/work/sqkd/sqkd/build/Build/Intermediates.noindex/KSPlayer.build/Release-iphoneos/KSPlayer.build/Objects-normal/arm64/MotionSensor.o -o /Users/runner/work/sqkd/sqkd/build/Build/Intermediates.noindex/KSPlayer.build/Release-iphoneos/KSPlayer.build/Objects-normal/arm64/PixelBufferProtocol.o -o /Users/runner/work/sqkd/sqkd/build/Build/Intermediates.noindex/KSPlayer.build/Release-iphoneos/KSPlayer.build/Objects-normal/arm64/Transforms.o -o /Users/runner/work/sqkd/sqkd/build/Build/Intermediates.noindex/KSPlayer.build/Release-iphoneos/KSPlayer.build/Objects-normal/arm64/AudioRecognize.o -o /Users/runner/work/sqkd/sqkd/build/Build/Intermediates.noindex/KSPlayer.build/Release-iphoneos/KSPlayer.build/Objects-normal/arm64/KSParseProtocol.o -o /Users/runner/work/sqkd/sqkd/build/Build/Intermediates.noindex/KSPlayer.build/Release-iphoneos/KSPlayer.build/Objects-normal/arm64/KSSubtitle.o -o /Users/runner/work/sqkd/sqkd/build/Build/Intermediates.noindex/KSPlayer.build/Release-iphoneos/KSPlayer.build/Objects-normal/arm64/SubtitleDataSouce.o -o /Users/runner/work/sqkd/sqkd/build/Build/Intermediates.noindex/KSPlayer.build/Release-iphoneos/KSPlayer.build/Objects-normal/arm64/AirPlayView.o -o /Users/runner/work/sqkd/sqkd/build/Build/Intermediates.noindex/KSPlayer.build/Release-iphoneos/KSPlayer.build/Objects-normal/arm64/KSVideoPlayerView.o -o /Users/runner/work/sqkd/sqkd/build/Build/Intermediates.noindex/KSPlayer.build/Release-iphoneos/KSPlayer.build/Objects-normal/arm64/KSVideoPlayerViewBuilder.o -o /Users/runner/work/sqkd/sqkd/build/Build/Intermediates.noindex/KSPlayer.build/Release-iphoneos/KSPlayer.build/Objects-normal/arm64/LiveTextImage.o -o /Users/runner/work/sqkd/sqkd/build/Build/Intermediates.noindex/KSPlayer.build/Release-iphoneos/KSPlayer.build/Objects-normal/arm64/Slider.o -o /Users/runner/work/sqkd/sqkd/build/Build/Intermediates.noindex/KSPlayer.build/Release-iphoneos/KSPlayer.build/Objects-normal/arm64/BrightnessVolume.o -o /Users/runner/work/sqkd/sqkd/build/Build/Intermediates.noindex/KSPlayer.build/Release-iphoneos/KSPlayer.build/Objects-normal/arm64/IOSVideoPlayerView.o -o /Users/runner/work/sqkd/sqkd/build/Build/Intermediates.noindex/KSPlayer.build/Release-iphoneos/KSPlayer.build/Objects-normal/arm64/KSMenu.o -o /Users/runner/work/sqkd/sqkd/build/Build/Intermediates.noindex/KSPlayer.build/Release-iphoneos/KSPlayer.build/Objects-normal/arm64/KSPlayerItem.o -o /Users/runner/work/sqkd/sqkd/build/Build/Intermediates.noindex/KSPlayer.build/Release-iphoneos/KSPlayer.build/Objects-normal/arm64/MacVideoPlayerView.o -o /Users/runner/work/sqkd/sqkd/build/Build/Intermediates.noindex/KSPlayer.build/Release-iphoneos/KSPlayer.build/Objects-normal/arm64/PlayerFullScreenViewController.o -o /Users/runner/work/sqkd/sqkd/build/Build/Intermediates.noindex/KSPlayer.build/Release-iphoneos/KSPlayer.build/Objects-normal/arm64/PlayerTransitionAnimator.o -o /Users/runner/work/sqkd/sqkd/build/Build/Intermediates.noindex/KSPlayer.build/Release-iphoneos/KSPlayer.build/Objects-normal/arm64/SeekView.o -o /Users/runner/work/sqkd/sqkd/build/Build/Intermediates.noindex/KSPlayer.build/Release-iphoneos/KSPlayer.build/Objects-normal/arm64/VideoPlayerView.o -index-unit-output-path /KSPlayer.build/Release-iphoneos/KSPlayer.build/Objects-normal/arm64/resource_bundle_accessor.o -index-unit-output-path /KSPlayer.build/Release-iphoneos/KSPlayer.build/Objects-normal/arm64/KSAVPlayer.o -index-unit-output-path /KSPlayer.build/Release-iphoneos/KSPlayer.build/Objects-normal/arm64/KSOptions.o -index-unit-output-path /KSPlayer.build/Release-iphoneos/KSPlayer.build/Objects-normal/arm64/KSPictureInPictureController.o -index-unit-output-path /KSPlayer.build/Release-iphoneos/KSPlayer.build/Objects-normal/arm64/KSPlayerLayer.o -index-unit-output-path /KSPlayer.build/Release-iphoneos/KSPlayer.build/Objects-normal/arm64/KSVideoPlayer.o -index-unit-output-path /KSPlayer.build/Release-iphoneos/KSPlayer.build/Objects-normal/arm64/MediaPlayerProtocol.o -index-unit-output-path /KSPlayer.build/Release-iphoneos/KSPlayer.build/Objects-normal/arm64/PlayerDefines.o -index-unit-output-path /KSPlayer.build/Release-iphoneos/KSPlayer.build/Objects-normal/arm64/AudioPlayerView.o -index-unit-output-path /KSPlayer.build/Release-iphoneos/KSPlayer.build/Objects-normal/arm64/AppKitExtend.o -index-unit-output-path /KSPlayer.build/Release-iphoneos/KSPlayer.build/Objects-normal/arm64/PlayerToolBar.o -index-unit-output-path /KSPlayer.build/Release-iphoneos/KSPlayer.build/Objects-normal/arm64/PlayerView.o -index-unit-output-path /KSPlayer.build/Release-iphoneos/KSPlayer.build/Objects-normal/arm64/UIKitExtend.o -index-unit-output-path /KSPlayer.build/Release-iphoneos/KSPlayer.build/Objects-normal/arm64/UXKit.o -index-unit-output-path /KSPlayer.build/Release-iphoneos/KSPlayer.build/Objects-normal/arm64/Utility.o -index-unit-output-path /KSPlayer.build/Release-iphoneos/KSPlayer.build/Objects-normal/arm64/AVFFmpegExtension.o -index-unit-output-path /KSPlayer.build/Release-iphoneos/KSPlayer.build/Objects-normal/arm64/AVFoundationExtension.o -index-unit-output-path /KSPlayer.build/Release-iphoneos/KSPlayer.build/Objects-normal/arm64/AudioEnginePlayer.o -index-unit-output-path /KSPlayer.build/Release-iphoneos/KSPlayer.build/Objects-normal/arm64/AudioGraphPlayer.o -index-unit-output-path /KSPlayer.build/Release-iphoneos/KSPlayer.build/Objects-normal/arm64/AudioRendererPlayer.o -index-unit-output-path /KSPlayer.build/Release-iphoneos/KSPlayer.build/Objects-normal/arm64/AudioUnitPlayer.o -index-unit-output-path /KSPlayer.build/Release-iphoneos/KSPlayer.build/Objects-normal/arm64/CircularBuffer.o -index-unit-output-path /KSPlayer.build/Release-iphoneos/KSPlayer.build/Objects-normal/arm64/EmbedDataSouce.o -index-unit-output-path /KSPlayer.build/Release-iphoneos/KSPlayer.build/Objects-normal/arm64/FFmpegAssetTrack.o -index-unit-output-path /KSPlayer.build/Release-iphoneos/KSPlayer.build/Objects-normal/arm64/FFmpegDecode.o -index-unit-output-path /KSPlayer.build/Release-iphoneos/KSPlayer.build/Objects-normal/arm64/Filter.o -index-unit-output-path /KSPlayer.build/Release-iphoneos/KSPlayer.build/Objects-normal/arm64/KSMEPlayer.o -index-unit-output-path /KSPlayer.build/Release-iphoneos/KSPlayer.build/Objects-normal/arm64/MEPlayerItem.o -index-unit-output-path /KSPlayer.build/Release-iphoneos/KSPlayer.build/Objects-normal/arm64/MEPlayerItemTrack.o -index-unit-output-path /KSPlayer.build/Release-iphoneos/KSPlayer.build/Objects-normal/arm64/MetalPlayView.o -index-unit-output-path /KSPlayer.build/Release-iphoneos/KSPlayer.build/Objects-normal/arm64/Model.o -index-unit-output-path /KSPlayer.build/Release-iphoneos/KSPlayer.build/Objects-normal/arm64/Resample.o -index-unit-output-path /KSPlayer.build/Release-iphoneos/KSPlayer.build/Objects-normal/arm64/SubtitleDecode.o -index-unit-output-path /KSPlayer.build/Release-iphoneos/KSPlayer.build/Objects-normal/arm64/ThumbnailController.o -index-unit-output-path /KSPlayer.build/Release-iphoneos/KSPlayer.build/Objects-normal/arm64/VideoToolboxDecode.o -index-unit-output-path /KSPlayer.build/Release-iphoneos/KSPlayer.build/Objects-normal/arm64/DisplayModel.o -index-unit-output-path /KSPlayer.build/Release-iphoneos/KSPlayer.build/Objects-normal/arm64/MetalRender.o -index-unit-output-path /KSPlayer.build/Release-iphoneos/KSPlayer.build/Objects-normal/arm64/MotionSensor.o -index-unit-output-path /KSPlayer.build/Release-iphoneos/KSPlayer.build/Objects-normal/arm64/PixelBufferProtocol.o -index-unit-output-path /KSPlayer.build/Release-iphoneos/KSPlayer.build/Objects-normal/arm64/Transforms.o -index-unit-output-path /KSPlayer.build/Release-iphoneos/KSPlayer.build/Objects-normal/arm64/AudioRecognize.o -index-unit-output-path /KSPlayer.build/Release-iphoneos/KSPlayer.build/Objects-normal/arm64/KSParseProtocol.o -index-unit-output-path /KSPlayer.build/Release-iphoneos/KSPlayer.build/Objects-normal/arm64/KSSubtitle.o -index-unit-output-path /KSPlayer.build/Release-iphoneos/KSPlayer.build/Objects-normal/arm64/SubtitleDataSouce.o -index-unit-output-path /KSPlayer.build/Release-iphoneos/KSPlayer.build/Objects-normal/arm64/AirPlayView.o -index-unit-output-path /KSPlayer.build/Release-iphoneos/KSPlayer.build/Objects-normal/arm64/KSVideoPlayerView.o -index-unit-output-path /KSPlayer.build/Release-iphoneos/KSPlayer.build/Objects-normal/arm64/KSVideoPlayerViewBuilder.o -index-unit-output-path /KSPlayer.build/Release-iphoneos/KSPlayer.build/Objects-normal/arm64/LiveTextImage.o -index-unit-output-path /KSPlayer.build/Release-iphoneos/KSPlayer.build/Objects-normal/arm64/Slider.o -index-unit-output-path /KSPlayer.build/Release-iphoneos/KSPlayer.build/Objects-normal/arm64/BrightnessVolume.o -index-unit-output-path /KSPlayer.build/Release-iphoneos/KSPlayer.build/Objects-normal/arm64/IOSVideoPlayerView.o -index-unit-output-path /KSPlayer.build/Release-iphoneos/KSPlayer.build/Objects-normal/arm64/KSMenu.o -index-unit-output-path /KSPlayer.build/Release-iphoneos/KSPlayer.build/Objects-normal/arm64/KSPlayerItem.o -index-unit-output-path /KSPlayer.build/Release-iphoneos/KSPlayer.build/Objects-normal/arm64/MacVideoPlayerView.o -index-unit-output-path /KSPlayer.build/Release-iphoneos/KSPlayer.build/Objects-normal/arm64/PlayerFullScreenViewController.o -index-unit-output-path /KSPlayer.build/Release-iphoneos/KSPlayer.build/Objects-normal/arm64/PlayerTransitionAnimator.o -index-unit-output-path /KSPlayer.build/Release-iphoneos/KSPlayer.build/Objects-normal/arm64/SeekView.o -index-unit-output-path /KSPlayer.build/Release-iphoneos/KSPlayer.build/Objects-normal/arm64/VideoPlayerView.o

Ld /Users/runner/work/sqkd/sqkd/build/Build/Products/Release-iphoneos/FFmpegKit.o normal (in target 'FFmpegKit' from project 'FFmpegKit')
    cd /Users/runner/work/sqkd/sqkd/build/SourcePackages/checkouts/FFmpegKit
    /Applications/Xcode_16.2.app/Contents/Developer/Toolchains/XcodeDefault.xctoolchain/usr/bin/clang -Xlinker -reproducible -target arm64-apple-ios13.0 -r -isysroot /Applications/Xcode_16.2.app/Contents/Developer/Platforms/iPhoneOS.platform/Developer/SDKs/iPhoneOS18.2.sdk -Os -w -L/Users/runner/work/sqkd/sqkd/build/Build/Intermediates.noindex/EagerLinkingTBDs/Release-iphoneos -L/Users/runner/work/sqkd/sqkd/build/Build/Products/Release-iphoneos -L/Applications/Xcode_16.2.app/Contents/Developer/Platforms/iPhoneOS.platform/Developer/usr/lib -F/Users/runner/work/sqkd/sqkd/build/Build/Intermediates.noindex/EagerLinkingTBDs/Release-iphoneos -F/Users/runner/work/sqkd/sqkd/build/Build/Products/Release-iphoneos -iframework /Applications/Xcode_16.2.app/Contents/Developer/Platforms/iPhoneOS.platform/Developer/Library/Frameworks -iframework /Applications/Xcode_16.2.app/Contents/Developer/Platforms/iPhoneOS.platform/Developer/SDKs/iPhoneOS18.2.sdk/Developer/Library/Frameworks -filelist /Users/runner/work/sqkd/sqkd/build/Build/Intermediates.noindex/FFmpegKit.build/Release-iphoneos/FFmpegKit.build/Objects-normal/arm64/FFmpegKit.LinkFileList -nostdlib -Xlinker -object_path_lto -Xlinker /Users/runner/work/sqkd/sqkd/build/Build/Intermediates.noindex/FFmpegKit.build/Release-iphoneos/FFmpegKit.build/Objects-normal/arm64/FFmpegKit_lto.o -Xlinker -dependency_info -Xlinker /Users/runner/work/sqkd/sqkd/build/Build/Intermediates.noindex/FFmpegKit.build/Release-iphoneos/FFmpegKit.build/Objects-normal/arm64/FFmpegKit_dependency_info.dat -o /Users/runner/work/sqkd/sqkd/build/Build/Products/Release-iphoneos/FFmpegKit.o

Ld /Users/runner/work/sqkd/sqkd/build/Build/Products/Release-iphoneos/DisplayCriteria.o normal (in target 'DisplayCriteria' from project 'KSPlayer')
    cd /Users/runner/work/sqkd/sqkd/build/SourcePackages/checkouts/KSPlayer
    /Applications/Xcode_16.2.app/Contents/Developer/Toolchains/XcodeDefault.xctoolchain/usr/bin/clang -Xlinker -reproducible -target arm64-apple-ios13.0 -r -isysroot /Applications/Xcode_16.2.app/Contents/Developer/Platforms/iPhoneOS.platform/Developer/SDKs/iPhoneOS18.2.sdk -Os -w -L/Users/runner/work/sqkd/sqkd/build/Build/Intermediates.noindex/EagerLinkingTBDs/Release-iphoneos -L/Users/runner/work/sqkd/sqkd/build/Build/Products/Release-iphoneos -L/Applications/Xcode_16.2.app/Contents/Developer/Platforms/iPhoneOS.platform/Developer/usr/lib -F/Users/runner/work/sqkd/sqkd/build/Build/Intermediates.noindex/EagerLinkingTBDs/Release-iphoneos -F/Users/runner/work/sqkd/sqkd/build/Build/Products/Release-iphoneos -iframework /Applications/Xcode_16.2.app/Contents/Developer/Platforms/iPhoneOS.platform/Developer/Library/Frameworks -iframework /Applications/Xcode_16.2.app/Contents/Developer/Platforms/iPhoneOS.platform/Developer/SDKs/iPhoneOS18.2.sdk/Developer/Library/Frameworks -filelist /Users/runner/work/sqkd/sqkd/build/Build/Intermediates.noindex/KSPlayer.build/Release-iphoneos/DisplayCriteria.build/Objects-normal/arm64/DisplayCriteria.LinkFileList -nostdlib -Xlinker -object_path_lto -Xlinker /Users/runner/work/sqkd/sqkd/build/Build/Intermediates.noindex/KSPlayer.build/Release-iphoneos/DisplayCriteria.build/Objects-normal/arm64/DisplayCriteria_lto.o -fobjc-arc -fobjc-link-runtime -Xlinker -dependency_info -Xlinker /Users/runner/work/sqkd/sqkd/build/Build/Intermediates.noindex/KSPlayer.build/Release-iphoneos/DisplayCriteria.build/Objects-normal/arm64/DisplayCriteria_dependency_info.dat -o /Users/runner/work/sqkd/sqkd/build/Build/Products/Release-iphoneos/DisplayCriteria.o

CodeSign /Users/runner/work/sqkd/sqkd/build/Build/Products/Release-iphoneos/KSPlayer_KSPlayer.bundle (in target 'KSPlayer_KSPlayer' from project 'KSPlayer')
    cd /Users/runner/work/sqkd/sqkd/build/SourcePackages/checkouts/KSPlayer
    
    Signing Identity:     "Sign to Run Locally"
    
    /usr/bin/codesign --force --sign - --timestamp\=none --generate-entitlement-der /Users/runner/work/sqkd/sqkd/build/Build/Products/Release-iphoneos/KSPlayer_KSPlayer.bundle

CodeSign /Users/runner/work/sqkd/sqkd/build/Build/Products/Release-iphoneos/FFmpegKit.o (in target 'FFmpegKit' from project 'FFmpegKit')
    cd /Users/runner/work/sqkd/sqkd/build/SourcePackages/checkouts/FFmpegKit
    
    Signing Identity:     "Sign to Run Locally"
    
    /usr/bin/codesign --force --sign - --timestamp\=none --generate-entitlement-der /Users/runner/work/sqkd/sqkd/build/Build/Products/Release-iphoneos/FFmpegKit.o

CodeSign /Users/runner/work/sqkd/sqkd/build/Build/Products/Release-iphoneos/DisplayCriteria.o (in target 'DisplayCriteria' from project 'KSPlayer')
    cd /Users/runner/work/sqkd/sqkd/build/SourcePackages/checkouts/KSPlayer
    
    Signing Identity:     "Sign to Run Locally"
    
    /usr/bin/codesign --force --sign - --timestamp\=none --generate-entitlement-der /Users/runner/work/sqkd/sqkd/build/Build/Products/Release-iphoneos/DisplayCriteria.o

RegisterExecutionPolicyException /Users/runner/work/sqkd/sqkd/build/Build/Products/Release-iphoneos/KSPlayer_KSPlayer.bundle (in target 'KSPlayer_KSPlayer' from project 'KSPlayer')
    cd /Users/runner/work/sqkd/sqkd/build/SourcePackages/checkouts/KSPlayer
    builtin-RegisterExecutionPolicyException /Users/runner/work/sqkd/sqkd/build/Build/Products/Release-iphoneos/KSPlayer_KSPlayer.bundle

RegisterExecutionPolicyException /Users/runner/work/sqkd/sqkd/build/Build/Products/Release-iphoneos/FFmpegKit.o (in target 'FFmpegKit' from project 'FFmpegKit')
    cd /Users/runner/work/sqkd/sqkd/build/SourcePackages/checkouts/FFmpegKit
    builtin-RegisterExecutionPolicyException /Users/runner/work/sqkd/sqkd/build/Build/Products/Release-iphoneos/FFmpegKit.o

RegisterExecutionPolicyException /Users/runner/work/sqkd/sqkd/build/Build/Products/Release-iphoneos/DisplayCriteria.o (in target 'DisplayCriteria' from project 'KSPlayer')
    cd /Users/runner/work/sqkd/sqkd/build/SourcePackages/checkouts/KSPlayer
    builtin-RegisterExecutionPolicyException /Users/runner/work/sqkd/sqkd/build/Build/Products/Release-iphoneos/DisplayCriteria.o

Touch /Users/runner/work/sqkd/sqkd/build/Build/Products/Release-iphoneos/KSPlayer_KSPlayer.bundle (in target 'KSPlayer_KSPlayer' from project 'KSPlayer')
    cd /Users/runner/work/sqkd/sqkd/build/SourcePackages/checkouts/KSPlayer
    /usr/bin/touch -c /Users/runner/work/sqkd/sqkd/build/Build/Products/Release-iphoneos/KSPlayer_KSPlayer.bundle

SwiftDriverJobDiscovery normal arm64 Compiling resource_bundle_accessor.swift, KSAVPlayer.swift, KSOptions.swift, KSPictureInPictureController.swift, KSPlayerLayer.swift, KSVideoPlayer.swift, MediaPlayerProtocol.swift, PlayerDefines.swift, AudioPlayerView.swift, AppKitExtend.swift, PlayerToolBar.swift, PlayerView.swift, UIKitExtend.swift, UXKit.swift, Utility.swift, AVFFmpegExtension.swift, AVFoundationExtension.swift, AudioEnginePlayer.swift, AudioGraphPlayer.swift, AudioRendererPlayer.swift, AudioUnitPlayer.swift, CircularBuffer.swift, EmbedDataSouce.swift, FFmpegAssetTrack.swift, FFmpegDecode.swift, Filter.swift, KSMEPlayer.swift, MEPlayerItem.swift, MEPlayerItemTrack.swift, MetalPlayView.swift, Model.swift, Resample.swift, SubtitleDecode.swift, ThumbnailController.swift, VideoToolboxDecode.swift, DisplayModel.swift, MetalRender.swift, MotionSensor.swift, PixelBufferProtocol.swift, Transforms.swift, AudioRecognize.swift, KSParseProtocol.swift, KSSubtitle.swift, SubtitleDataSouce.swift, AirPlayView.swift, KSVideoPlayerView.swift, KSVideoPlayerViewBuilder.swift, LiveTextImage.swift, Slider.swift, BrightnessVolume.swift, IOSVideoPlayerView.swift, KSMenu.swift, KSPlayerItem.swift, MacVideoPlayerView.swift, PlayerFullScreenViewController.swift, PlayerTransitionAnimator.swift, SeekView.swift, VideoPlayerView.swift (in target 'KSPlayer' from project 'KSPlayer')

SwiftDriver\ Compilation\ Requirements KSPlayer normal arm64 com.apple.xcode.tools.swift.compiler (in target 'KSPlayer' from project 'KSPlayer')
    cd /Users/runner/work/sqkd/sqkd/EmbyVision.xcodeproj
    builtin-Swift-Compilation-Requirements -- /Applications/Xcode_16.2.app/Contents/Developer/Toolchains/XcodeDefault.xctoolchain/usr/bin/swiftc -module-name KSPlayer -O -whole-module-optimization -enforce-exclusivity\=checked @/Users/runner/work/sqkd/sqkd/build/Build/Intermediates.noindex/KSPlayer.build/Release-iphoneos/KSPlayer.build/Objects-normal/arm64/KSPlayer.SwiftFileList -DSWIFT_PACKAGE -Xcc -fmodule-map-file\=/Users/runner/work/sqkd/sqkd/build/Build/Intermediates.noindex/GeneratedModuleMaps-iphoneos/FFmpegKit.modulemap -Xcc -fmodule-map-file\=/Users/runner/work/sqkd/sqkd/build/Build/Intermediates.noindex/GeneratedModuleMaps-iphoneos/DisplayCriteria.modulemap -DXcode -enable-experimental-feature StrictConcurrency -plugin-path /Applications/Xcode_16.2.app/Contents/Developer/Toolchains/XcodeDefault.xctoolchain/usr/lib/swift/host/plugins/testing -enable-experimental-feature DebugDescriptionMacro -sdk /Applications/Xcode_16.2.app/Contents/Developer/Platforms/iPhoneOS.platform/Developer/SDKs/iPhoneOS18.2.sdk -target arm64-apple-ios13.0 -g -module-cache-path /Users/runner/work/sqkd/sqkd/build/ModuleCache.noindex -Xfrontend -serialize-debugging-options -suppress-warnings -swift-version 5 -I /Users/runner/work/sqkd/sqkd/build/Build/Products/Release-iphoneos -I /Applications/Xcode_16.2.app/Contents/Developer/Platforms/iPhoneOS.platform/Developer/usr/lib -F /Users/runner/work/sqkd/sqkd/build/Build/Products/Release-iphoneos/PackageFrameworks -F /Users/runner/work/sqkd/sqkd/build/Build/Products/Release-iphoneos/PackageFrameworks -F /Users/runner/work/sqkd/sqkd/build/Build/Products/Release-iphoneos -F /Applications/Xcode_16.2.app/Contents/Developer/Platforms/iPhoneOS.platform/Developer/Library/Frameworks -F /Applications/Xcode_16.2.app/Contents/Developer/Platforms/iPhoneOS.platform/Developer/SDKs/iPhoneOS18.2.sdk/Developer/Library/Frameworks -emit-localized-strings -emit-localized-strings-path /Users/runner/work/sqkd/sqkd/build/Build/Intermediates.noindex/KSPlayer.build/Release-iphoneos/KSPlayer.build/Objects-normal/arm64 -c -num-threads 3 -Xcc -ivfsstatcache -Xcc /Users/runner/work/sqkd/sqkd/build/SDKStatCaches.noindex/iphoneos18.2-22C146-6f6929c68f51360d5ca70a73a7e0c2f9.sdkstatcache -output-file-map /Users/runner/work/sqkd/sqkd/build/Build/Intermediates.noindex/KSPlayer.build/Release-iphoneos/KSPlayer.build/Objects-normal/arm64/KSPlayer-OutputFileMap.json -use-frontend-parseable-output -save-temps -no-color-diagnostics -serialize-diagnostics -emit-dependencies -emit-module -emit-module-path /Users/runner/work/sqkd/sqkd/build/Build/Intermediates.noindex/KSPlayer.build/Release-iphoneos/KSPlayer.build/Objects-normal/arm64/KSPlayer.swiftmodule -validate-clang-modules-once -clang-build-session-file /Users/runner/work/sqkd/sqkd/build/ModuleCache.noindex/Session.modulevalidation -package-name ksplayer -Xcc -I/Users/runner/work/sqkd/sqkd/build/Build/Intermediates.noindex/KSPlayer.build/Release-iphoneos/KSPlayer.build/swift-overrides.hmap -emit-const-values -Xfrontend -const-gather-protocols-file -Xfrontend /Users/runner/work/sqkd/sqkd/build/Build/Intermediates.noindex/KSPlayer.build/Release-iphoneos/KSPlayer.build/Objects-normal/arm64/KSPlayer_const_extract_protocols.json -Xcc -I/Users/runner/work/sqkd/sqkd/build/SourcePackages/checkouts/FFmpegKit/Sources/FFmpegKit/include -Xcc -I/Users/runner/work/sqkd/sqkd/build/SourcePackages/checkouts/KSPlayer/Sources/DisplayCriteria/include -Xcc -I/Users/runner/work/sqkd/sqkd/build/Build/Products/Release-iphoneos/include -Xcc -I/Users/runner/work/sqkd/sqkd/build/Build/Intermediates.noindex/KSPlayer.build/Release-iphoneos/KSPlayer.build/DerivedSources-normal/arm64 -Xcc -I/Users/runner/work/sqkd/sqkd/build/Build/Intermediates.noindex/KSPlayer.build/Release-iphoneos/KSPlayer.build/DerivedSources/arm64 -Xcc -I/Users/runner/work/sqkd/sqkd/build/Build/Intermediates.noindex/KSPlayer.build/Release-iphoneos/KSPlayer.build/DerivedSources -Xcc -DSWIFT_PACKAGE -emit-objc-header -emit-objc-header-path /Users/runner/work/sqkd/sqkd/build/Build/Intermediates.noindex/KSPlayer.build/Release-iphoneos/KSPlayer.build/Objects-normal/arm64/KSPlayer-Swift.h -working-directory /Users/runner/work/sqkd/sqkd/EmbyVision.xcodeproj -no-emit-module-separately-wmo

SwiftMergeGeneratedHeaders /Users/runner/work/sqkd/sqkd/build/Build/Intermediates.noindex/GeneratedModuleMaps-iphoneos/KSPlayer-Swift.h /Users/runner/work/sqkd/sqkd/build/Build/Intermediates.noindex/KSPlayer.build/Release-iphoneos/KSPlayer.build/Objects-normal/arm64/KSPlayer-Swift.h (in target 'KSPlayer' from project 'KSPlayer')
    cd /Users/runner/work/sqkd/sqkd/build/SourcePackages/checkouts/KSPlayer
    builtin-swiftHeaderTool -arch arm64 /Users/runner/work/sqkd/sqkd/build/Build/Intermediates.noindex/KSPlayer.build/Release-iphoneos/KSPlayer.build/Objects-normal/arm64/KSPlayer-Swift.h -o /Users/runner/work/sqkd/sqkd/build/Build/Intermediates.noindex/GeneratedModuleMaps-iphoneos/KSPlayer-Swift.h

Copy /Users/runner/work/sqkd/sqkd/build/Build/Products/Release-iphoneos/KSPlayer.swiftmodule/arm64-apple-ios.swiftmodule /Users/runner/work/sqkd/sqkd/build/Build/Intermediates.noindex/KSPlayer.build/Release-iphoneos/KSPlayer.build/Objects-normal/arm64/KSPlayer.swiftmodule (in target 'KSPlayer' from project 'KSPlayer')
    cd /Users/runner/work/sqkd/sqkd/build/SourcePackages/checkouts/KSPlayer
    builtin-copy -exclude .DS_Store -exclude CVS -exclude .svn -exclude .git -exclude .hg -strip-unsigned-binaries -strip-deterministic -strip-tool /Applications/Xcode_16.2.app/Contents/Developer/Toolchains/XcodeDefault.xctoolchain/usr/bin/strip -resolve-src-symlinks -rename /Users/runner/work/sqkd/sqkd/build/Build/Intermediates.noindex/KSPlayer.build/Release-iphoneos/KSPlayer.build/Objects-normal/arm64/KSPlayer.swiftmodule /Users/runner/work/sqkd/sqkd/build/Build/Products/Release-iphoneos/KSPlayer.swiftmodule/arm64-apple-ios.swiftmodule

Copy /Users/runner/work/sqkd/sqkd/build/Build/Products/Release-iphoneos/KSPlayer.swiftmodule/arm64-apple-ios.swiftdoc /Users/runner/work/sqkd/sqkd/build/Build/Intermediates.noindex/KSPlayer.build/Release-iphoneos/KSPlayer.build/Objects-normal/arm64/KSPlayer.swiftdoc (in target 'KSPlayer' from project 'KSPlayer')
    cd /Users/runner/work/sqkd/sqkd/build/SourcePackages/checkouts/KSPlayer
    builtin-copy -exclude .DS_Store -exclude CVS -exclude .svn -exclude .git -exclude .hg -strip-unsigned-binaries -strip-deterministic -strip-tool /Applications/Xcode_16.2.app/Contents/Developer/Toolchains/XcodeDefault.xctoolchain/usr/bin/strip -resolve-src-symlinks -rename /Users/runner/work/sqkd/sqkd/build/Build/Intermediates.noindex/KSPlayer.build/Release-iphoneos/KSPlayer.build/Objects-normal/arm64/KSPlayer.swiftdoc /Users/runner/work/sqkd/sqkd/build/Build/Products/Release-iphoneos/KSPlayer.swiftmodule/arm64-apple-ios.swiftdoc

Copy /Users/runner/work/sqkd/sqkd/build/Build/Products/Release-iphoneos/KSPlayer.swiftmodule/arm64-apple-ios.abi.json /Users/runner/work/sqkd/sqkd/build/Build/Intermediates.noindex/KSPlayer.build/Release-iphoneos/KSPlayer.build/Objects-normal/arm64/KSPlayer.abi.json (in target 'KSPlayer' from project 'KSPlayer')
    cd /Users/runner/work/sqkd/sqkd/build/SourcePackages/checkouts/KSPlayer
    builtin-copy -exclude .DS_Store -exclude CVS -exclude .svn -exclude .git -exclude .hg -strip-unsigned-binaries -strip-deterministic -strip-tool /Applications/Xcode_16.2.app/Contents/Developer/Toolchains/XcodeDefault.xctoolchain/usr/bin/strip -resolve-src-symlinks -rename /Users/runner/work/sqkd/sqkd/build/Build/Intermediates.noindex/KSPlayer.build/Release-iphoneos/KSPlayer.build/Objects-normal/arm64/KSPlayer.abi.json /Users/runner/work/sqkd/sqkd/build/Build/Products/Release-iphoneos/KSPlayer.swiftmodule/arm64-apple-ios.abi.json

Copy /Users/runner/work/sqkd/sqkd/build/Build/Products/Release-iphoneos/KSPlayer.swiftmodule/Project/arm64-apple-ios.swiftsourceinfo /Users/runner/work/sqkd/sqkd/build/Build/Intermediates.noindex/KSPlayer.build/Release-iphoneos/KSPlayer.build/Objects-normal/arm64/KSPlayer.swiftsourceinfo (in target 'KSPlayer' from project 'KSPlayer')
    cd /Users/runner/work/sqkd/sqkd/build/SourcePackages/checkouts/KSPlayer
    builtin-copy -exclude .DS_Store -exclude CVS -exclude .svn -exclude .git -exclude .hg -strip-unsigned-binaries -strip-deterministic -strip-tool /Applications/Xcode_16.2.app/Contents/Developer/Toolchains/XcodeDefault.xctoolchain/usr/bin/strip -resolve-src-symlinks -rename /Users/runner/work/sqkd/sqkd/build/Build/Intermediates.noindex/KSPlayer.build/Release-iphoneos/KSPlayer.build/Objects-normal/arm64/KSPlayer.swiftsourceinfo /Users/runner/work/sqkd/sqkd/build/Build/Products/Release-iphoneos/KSPlayer.swiftmodule/Project/arm64-apple-ios.swiftsourceinfo

Ld /Users/runner/work/sqkd/sqkd/build/Build/Products/Release-iphoneos/KSPlayer.o normal (in target 'KSPlayer' from project 'KSPlayer')
    cd /Users/runner/work/sqkd/sqkd/build/SourcePackages/checkouts/KSPlayer
    /Applications/Xcode_16.2.app/Contents/Developer/Toolchains/XcodeDefault.xctoolchain/usr/bin/clang -Xlinker -reproducible -target arm64-apple-ios13.0 -r -isysroot /Applications/Xcode_16.2.app/Contents/Developer/Platforms/iPhoneOS.platform/Developer/SDKs/iPhoneOS18.2.sdk -Os -w -L/Users/runner/work/sqkd/sqkd/build/Build/Intermediates.noindex/EagerLinkingTBDs/Release-iphoneos -L/Users/runner/work/sqkd/sqkd/build/Build/Products/Release-iphoneos -L/Applications/Xcode_16.2.app/Contents/Developer/Platforms/iPhoneOS.platform/Developer/usr/lib -F/Users/runner/work/sqkd/sqkd/build/Build/Intermediates.noindex/EagerLinkingTBDs/Release-iphoneos -F/Users/runner/work/sqkd/sqkd/build/Build/Products/Release-iphoneos/PackageFrameworks -F/Users/runner/work/sqkd/sqkd/build/Build/Products/Release-iphoneos/PackageFrameworks -F/Users/runner/work/sqkd/sqkd/build/Build/Products/Release-iphoneos -iframework /Applications/Xcode_16.2.app/Contents/Developer/Platforms/iPhoneOS.platform/Developer/Library/Frameworks -iframework /Applications/Xcode_16.2.app/Contents/Developer/Platforms/iPhoneOS.platform/Developer/SDKs/iPhoneOS18.2.sdk/Developer/Library/Frameworks -filelist /Users/runner/work/sqkd/sqkd/build/Build/Intermediates.noindex/KSPlayer.build/Release-iphoneos/KSPlayer.build/Objects-normal/arm64/KSPlayer.LinkFileList -nostdlib -Xlinker -object_path_lto -Xlinker /Users/runner/work/sqkd/sqkd/build/Build/Intermediates.noindex/KSPlayer.build/Release-iphoneos/KSPlayer.build/Objects-normal/arm64/KSPlayer_lto.o -fobjc-link-runtime -L/Applications/Xcode_16.2.app/Contents/Developer/Toolchains/XcodeDefault.xctoolchain/usr/lib/swift/iphoneos -L/usr/lib/swift -Xlinker -add_ast_path -Xlinker /Users/runner/work/sqkd/sqkd/build/Build/Intermediates.noindex/KSPlayer.build/Release-iphoneos/KSPlayer.build/Objects-normal/arm64/KSPlayer.swiftmodule -Xlinker -dependency_info -Xlinker /Users/runner/work/sqkd/sqkd/build/Build/Intermediates.noindex/KSPlayer.build/Release-iphoneos/KSPlayer.build/Objects-normal/arm64/KSPlayer_dependency_info.dat -o /Users/runner/work/sqkd/sqkd/build/Build/Products/Release-iphoneos/KSPlayer.o

SwiftDriver EmbyVision normal arm64 com.apple.xcode.tools.swift.compiler (in target 'EmbyVision' from project 'EmbyVision')
    cd /Users/runner/work/sqkd/sqkd
    builtin-SwiftDriver -- /Applications/Xcode_16.2.app/Contents/Developer/Toolchains/XcodeDefault.xctoolchain/usr/bin/swiftc -module-name EmbyVision -O -whole-module-optimization -enforce-exclusivity\=checked @/Users/runner/work/sqkd/sqkd/build/Build/Intermediates.noindex/EmbyVision.build/Release-iphoneos/EmbyVision.build/Objects-normal/arm64/EmbyVision.SwiftFileList -Xcc -fmodule-map-file\=/Users/runner/work/sqkd/sqkd/build/Build/Intermediates.noindex/GeneratedModuleMaps-iphoneos/FFmpegKit.modulemap -Xcc -fmodule-map-file\=/Users/runner/work/sqkd/sqkd/build/Build/Intermediates.noindex/GeneratedModuleMaps-iphoneos/DisplayCriteria.modulemap -enable-bare-slash-regex -enable-experimental-feature DebugDescriptionMacro -sdk /Applications/Xcode_16.2.app/Contents/Developer/Platforms/iPhoneOS.platform/Developer/SDKs/iPhoneOS18.2.sdk -target arm64-apple-ios16.0 -g -module-cache-path /Users/runner/work/sqkd/sqkd/build/ModuleCache.noindex -Xfrontend -serialize-debugging-options -swift-version 5 -I /Users/runner/work/sqkd/sqkd/build/Build/Products/Release-iphoneos -F /Users/runner/work/sqkd/sqkd/build/Build/Products/Release-iphoneos/PackageFrameworks -F /Users/runner/work/sqkd/sqkd/build/Build/Products/Release-iphoneos/PackageFrameworks -F /Users/runner/work/sqkd/sqkd/build/Build/Products/Release-iphoneos/PackageFrameworks -F /Users/runner/work/sqkd/sqkd/build/Build/Products/Release-iphoneos -c -num-threads 3 -Xcc -ivfsstatcache -Xcc /Users/runner/work/sqkd/sqkd/build/SDKStatCaches.noindex/iphoneos18.2-22C146-6f6929c68f51360d5ca70a73a7e0c2f9.sdkstatcache -output-file-map /Users/runner/work/sqkd/sqkd/build/Build/Intermediates.noindex/EmbyVision.build/Release-iphoneos/EmbyVision.build/Objects-normal/arm64/EmbyVision-OutputFileMap.json -use-frontend-parseable-output -save-temps -no-color-diagnostics -serialize-diagnostics -emit-dependencies -emit-module -emit-module-path /Users/runner/work/sqkd/sqkd/build/Build/Intermediates.noindex/EmbyVision.build/Release-iphoneos/EmbyVision.build/Objects-normal/arm64/EmbyVision.swiftmodule -validate-clang-modules-once -clang-build-session-file /Users/runner/work/sqkd/sqkd/build/ModuleCache.noindex/Session.modulevalidation -Xcc -I/Users/runner/work/sqkd/sqkd/build/Build/Intermediates.noindex/EmbyVision.build/Release-iphoneos/EmbyVision.build/swift-overrides.hmap -emit-const-values -Xfrontend -const-gather-protocols-file -Xfrontend /Users/runner/work/sqkd/sqkd/build/Build/Intermediates.noindex/EmbyVision.build/Release-iphoneos/EmbyVision.build/Objects-normal/arm64/EmbyVision_const_extract_protocols.json -Xcc -iquote -Xcc /Users/runner/work/sqkd/sqkd/build/Build/Intermediates.noindex/EmbyVision.build/Release-iphoneos/EmbyVision.build/EmbyVision-generated-files.hmap -Xcc -I/Users/runner/work/sqkd/sqkd/build/Build/Intermediates.noindex/EmbyVision.build/Release-iphoneos/EmbyVision.build/EmbyVision-own-target-headers.hmap -Xcc -I/Users/runner/work/sqkd/sqkd/build/Build/Intermediates.noindex/EmbyVision.build/Release-iphoneos/EmbyVision.build/EmbyVision-all-non-framework-target-headers.hmap -Xcc -ivfsoverlay -Xcc /Users/runner/work/sqkd/sqkd/build/Build/Intermediates.noindex/EmbyVision.build/Release-iphoneos/EmbyVision-a94261eca46f400ebedb95a15f3ee252-VFS-iphoneos/all-product-headers.yaml -Xcc -iquote -Xcc /Users/runner/work/sqkd/sqkd/build/Build/Intermediates.noindex/EmbyVision.build/Release-iphoneos/EmbyVision.build/EmbyVision-project-headers.hmap -Xcc -I/Users/runner/work/sqkd/sqkd/build/SourcePackages/checkouts/FFmpegKit/Sources/FFmpegKit/include -Xcc -I/Users/runner/work/sqkd/sqkd/build/SourcePackages/checkouts/KSPlayer/Sources/DisplayCriteria/include -Xcc -I/Users/runner/work/sqkd/sqkd/build/Build/Products/Release-iphoneos/include -Xcc -I/Users/runner/work/sqkd/sqkd/build/Build/Intermediates.noindex/EmbyVision.build/Release-iphoneos/EmbyVision.build/DerivedSources-normal/arm64 -Xcc -I/Users/runner/work/sqkd/sqkd/build/Build/Intermediates.noindex/EmbyVision.build/Release-iphoneos/EmbyVision.build/DerivedSources/arm64 -Xcc -I/Users/runner/work/sqkd/sqkd/build/Build/Intermediates.noindex/EmbyVision.build/Release-iphoneos/EmbyVision.build/DerivedSources -emit-objc-header -emit-objc-header-path /Users/runner/work/sqkd/sqkd/build/Build/Intermediates.noindex/EmbyVision.build/Release-iphoneos/EmbyVision.build/Objects-normal/arm64/EmbyVision-Swift.h -working-directory /Users/runner/work/sqkd/sqkd -no-emit-module-separately-wmo

SwiftDriver\ Compilation EmbyVision normal arm64 com.apple.xcode.tools.swift.compiler (in target 'EmbyVision' from project 'EmbyVision')
    cd /Users/runner/work/sqkd/sqkd
    builtin-Swift-Compilation -- /Applications/Xcode_16.2.app/Contents/Developer/Toolchains/XcodeDefault.xctoolchain/usr/bin/swiftc -module-name EmbyVision -O -whole-module-optimization -enforce-exclusivity\=checked @/Users/runner/work/sqkd/sqkd/build/Build/Intermediates.noindex/EmbyVision.build/Release-iphoneos/EmbyVision.build/Objects-normal/arm64/EmbyVision.SwiftFileList -Xcc -fmodule-map-file\=/Users/runner/work/sqkd/sqkd/build/Build/Intermediates.noindex/GeneratedModuleMaps-iphoneos/FFmpegKit.modulemap -Xcc -fmodule-map-file\=/Users/runner/work/sqkd/sqkd/build/Build/Intermediates.noindex/GeneratedModuleMaps-iphoneos/DisplayCriteria.modulemap -enable-bare-slash-regex -enable-experimental-feature DebugDescriptionMacro -sdk /Applications/Xcode_16.2.app/Contents/Developer/Platforms/iPhoneOS.platform/Developer/SDKs/iPhoneOS18.2.sdk -target arm64-apple-ios16.0 -g -module-cache-path /Users/runner/work/sqkd/sqkd/build/ModuleCache.noindex -Xfrontend -serialize-debugging-options -swift-version 5 -I /Users/runner/work/sqkd/sqkd/build/Build/Products/Release-iphoneos -F /Users/runner/work/sqkd/sqkd/build/Build/Products/Release-iphoneos/PackageFrameworks -F /Users/runner/work/sqkd/sqkd/build/Build/Products/Release-iphoneos/PackageFrameworks -F /Users/runner/work/sqkd/sqkd/build/Build/Products/Release-iphoneos/PackageFrameworks -F /Users/runner/work/sqkd/sqkd/build/Build/Products/Release-iphoneos -c -num-threads 3 -Xcc -ivfsstatcache -Xcc /Users/runner/work/sqkd/sqkd/build/SDKStatCaches.noindex/iphoneos18.2-22C146-6f6929c68f51360d5ca70a73a7e0c2f9.sdkstatcache -output-file-map /Users/runner/work/sqkd/sqkd/build/Build/Intermediates.noindex/EmbyVision.build/Release-iphoneos/EmbyVision.build/Objects-normal/arm64/EmbyVision-OutputFileMap.json -use-frontend-parseable-output -save-temps -no-color-diagnostics -serialize-diagnostics -emit-dependencies -emit-module -emit-module-path /Users/runner/work/sqkd/sqkd/build/Build/Intermediates.noindex/EmbyVision.build/Release-iphoneos/EmbyVision.build/Objects-normal/arm64/EmbyVision.swiftmodule -validate-clang-modules-once -clang-build-session-file /Users/runner/work/sqkd/sqkd/build/ModuleCache.noindex/Session.modulevalidation -Xcc -I/Users/runner/work/sqkd/sqkd/build/Build/Intermediates.noindex/EmbyVision.build/Release-iphoneos/EmbyVision.build/swift-overrides.hmap -emit-const-values -Xfrontend -const-gather-protocols-file -Xfrontend /Users/runner/work/sqkd/sqkd/build/Build/Intermediates.noindex/EmbyVision.build/Release-iphoneos/EmbyVision.build/Objects-normal/arm64/EmbyVision_const_extract_protocols.json -Xcc -iquote -Xcc /Users/runner/work/sqkd/sqkd/build/Build/Intermediates.noindex/EmbyVision.build/Release-iphoneos/EmbyVision.build/EmbyVision-generated-files.hmap -Xcc -I/Users/runner/work/sqkd/sqkd/build/Build/Intermediates.noindex/EmbyVision.build/Release-iphoneos/EmbyVision.build/EmbyVision-own-target-headers.hmap -Xcc -I/Users/runner/work/sqkd/sqkd/build/Build/Intermediates.noindex/EmbyVision.build/Release-iphoneos/EmbyVision.build/EmbyVision-all-non-framework-target-headers.hmap -Xcc -ivfsoverlay -Xcc /Users/runner/work/sqkd/sqkd/build/Build/Intermediates.noindex/EmbyVision.build/Release-iphoneos/EmbyVision-a94261eca46f400ebedb95a15f3ee252-VFS-iphoneos/all-product-headers.yaml -Xcc -iquote -Xcc /Users/runner/work/sqkd/sqkd/build/Build/Intermediates.noindex/EmbyVision.build/Release-iphoneos/EmbyVision.build/EmbyVision-project-headers.hmap -Xcc -I/Users/runner/work/sqkd/sqkd/build/SourcePackages/checkouts/FFmpegKit/Sources/FFmpegKit/include -Xcc -I/Users/runner/work/sqkd/sqkd/build/SourcePackages/checkouts/KSPlayer/Sources/DisplayCriteria/include -Xcc -I/Users/runner/work/sqkd/sqkd/build/Build/Products/Release-iphoneos/include -Xcc -I/Users/runner/work/sqkd/sqkd/build/Build/Intermediates.noindex/EmbyVision.build/Release-iphoneos/EmbyVision.build/DerivedSources-normal/arm64 -Xcc -I/Users/runner/work/sqkd/sqkd/build/Build/Intermediates.noindex/EmbyVision.build/Release-iphoneos/EmbyVision.build/DerivedSources/arm64 -Xcc -I/Users/runner/work/sqkd/sqkd/build/Build/Intermediates.noindex/EmbyVision.build/Release-iphoneos/EmbyVision.build/DerivedSources -emit-objc-header -emit-objc-header-path /Users/runner/work/sqkd/sqkd/build/Build/Intermediates.noindex/EmbyVision.build/Release-iphoneos/EmbyVision.build/Objects-normal/arm64/EmbyVision-Swift.h -working-directory /Users/runner/work/sqkd/sqkd -no-emit-module-separately-wmo

SwiftCompile normal arm64 Compiling\ AppEnvironment.swift,\ DirectPlayProfile.swift,\ EmbyAPIService.swift,\ EmbyItem.swift,\ EmbyServer.swift,\ EmbyVisionApp.swift,\ KSVideoPlayerRepresentable.swift,\ LibraryHomeView.swift,\ MediaCardView.swift,\ MediaDetailView.swift,\ MediaStream.swift,\ PlaybackInfo.swift,\ PlaybackSyncManager.swift,\ PlayerOverlayView.swift,\ ServerLoginView.swift,\ SettingsView.swift,\ VideoPlayerContainerView.swift /Users/runner/work/sqkd/sqkd/EmbyVision/App/AppEnvironment.swift /Users/runner/work/sqkd/sqkd/EmbyVision/Services/DirectPlayProfile.swift /Users/runner/work/sqkd/sqkd/EmbyVision/Services/EmbyAPIService.swift /Users/runner/work/sqkd/sqkd/EmbyVision/Models/EmbyItem.swift /Users/runner/work/sqkd/sqkd/EmbyVision/Models/EmbyServer.swift /Users/runner/work/sqkd/sqkd/EmbyVision/App/EmbyVisionApp.swift /Users/runner/work/sqkd/sqkd/EmbyVision/Views/Player/KSVideoPlayerRepresentable.swift /Users/runner/work/sqkd/sqkd/EmbyVision/Views/Library/LibraryHomeView.swift /Users/runner/work/sqkd/sqkd/EmbyVision/Views/Library/MediaCardView.swift /Users/runner/work/sqkd/sqkd/EmbyVision/Views/Library/MediaDetailView.swift /Users/runner/work/sqkd/sqkd/EmbyVision/Models/MediaStream.swift /Users/runner/work/sqkd/sqkd/EmbyVision/Models/PlaybackInfo.swift /Users/runner/work/sqkd/sqkd/EmbyVision/Services/PlaybackSyncManager.swift /Users/runner/work/sqkd/sqkd/EmbyVision/Views/Player/PlayerOverlayView.swift /Users/runner/work/sqkd/sqkd/EmbyVision/Views/Server/ServerLoginView.swift /Users/runner/work/sqkd/sqkd/EmbyVision/Views/Settings/SettingsView.swift /Users/runner/work/sqkd/sqkd/EmbyVision/Views/Player/VideoPlayerContainerView.swift (in target 'EmbyVision' from project 'EmbyVision')
    cd /Users/runner/work/sqkd/sqkd
    builtin-swiftTaskExecution -- /Applications/Xcode_16.2.app/Contents/Developer/Toolchains/XcodeDefault.xctoolchain/usr/bin/swift-frontend -frontend -c /Users/runner/work/sqkd/sqkd/EmbyVision/App/AppEnvironment.swift /Users/runner/work/sqkd/sqkd/EmbyVision/Services/DirectPlayProfile.swift /Users/runner/work/sqkd/sqkd/EmbyVision/Services/EmbyAPIService.swift /Users/runner/work/sqkd/sqkd/EmbyVision/Models/EmbyItem.swift /Users/runner/work/sqkd/sqkd/EmbyVision/Models/EmbyServer.swift /Users/runner/work/sqkd/sqkd/EmbyVision/App/EmbyVisionApp.swift /Users/runner/work/sqkd/sqkd/EmbyVision/Views/Player/KSVideoPlayerRepresentable.swift /Users/runner/work/sqkd/sqkd/EmbyVision/Views/Library/LibraryHomeView.swift /Users/runner/work/sqkd/sqkd/EmbyVision/Views/Library/MediaCardView.swift /Users/runner/work/sqkd/sqkd/EmbyVision/Views/Library/MediaDetailView.swift /Users/runner/work/sqkd/sqkd/EmbyVision/Models/MediaStream.swift /Users/runner/work/sqkd/sqkd/EmbyVision/Models/PlaybackInfo.swift /Users/runner/work/sqkd/sqkd/EmbyVision/Services/PlaybackSyncManager.swift /Users/runner/work/sqkd/sqkd/EmbyVision/Views/Player/PlayerOverlayView.swift /Users/runner/work/sqkd/sqkd/EmbyVision/Views/Server/ServerLoginView.swift /Users/runner/work/sqkd/sqkd/EmbyVision/Views/Settings/SettingsView.swift /Users/runner/work/sqkd/sqkd/EmbyVision/Views/Player/VideoPlayerContainerView.swift -supplementary-output-file-map /Users/runner/work/sqkd/sqkd/build/Build/Intermediates.noindex/EmbyVision.build/Release-iphoneos/EmbyVision.build/Objects-normal/arm64/supplementaryOutputs-2 -target arm64-apple-ios16.0 -Xllvm -aarch64-use-tbi -enable-objc-interop -stack-check -sdk /Applications/Xcode_16.2.app/Contents/Developer/Platforms/iPhoneOS.platform/Developer/SDKs/iPhoneOS18.2.sdk -I /Users/runner/work/sqkd/sqkd/build/Build/Products/Release-iphoneos -F /Users/runner/work/sqkd/sqkd/build/Build/Products/Release-iphoneos/PackageFrameworks -F /Users/runner/work/sqkd/sqkd/build/Build/Products/Release-iphoneos/PackageFrameworks -F /Users/runner/work/sqkd/sqkd/build/Build/Products/Release-iphoneos/PackageFrameworks -F /Users/runner/work/sqkd/sqkd/build/Build/Products/Release-iphoneos -no-color-diagnostics -g -debug-info-format\=dwarf -dwarf-version\=4 -module-cache-path /Users/runner/work/sqkd/sqkd/build/ModuleCache.noindex -swift-version 5 -enforce-exclusivity\=checked -O -serialize-debugging-options -const-gather-protocols-file /Users/runner/work/sqkd/sqkd/build/Build/Intermediates.noindex/EmbyVision.build/Release-iphoneos/EmbyVision.build/Objects-normal/arm64/EmbyVision_const_extract_protocols.json -enable-experimental-feature DebugDescriptionMacro -enable-bare-slash-regex -empty-abi-descriptor -validate-clang-modules-once -clang-build-session-file /Users/runner/work/sqkd/sqkd/build/ModuleCache.noindex/Session.modulevalidation -Xcc -working-directory -Xcc /Users/runner/work/sqkd/sqkd -resource-dir /Applications/Xcode_16.2.app/Contents/Developer/Toolchains/XcodeDefault.xctoolchain/usr/lib/swift -file-compilation-dir /Users/runner/work/sqkd/sqkd -Xcc -fmodule-map-file\=/Users/runner/work/sqkd/sqkd/build/Build/Intermediates.noindex/GeneratedModuleMaps-iphoneos/FFmpegKit.modulemap -Xcc -fmodule-map-file\=/Users/runner/work/sqkd/sqkd/build/Build/Intermediates.noindex/GeneratedModuleMaps-iphoneos/DisplayCriteria.modulemap -Xcc -ivfsstatcache -Xcc /Users/runner/work/sqkd/sqkd/build/SDKStatCaches.noindex/iphoneos18.2-22C146-6f6929c68f51360d5ca70a73a7e0c2f9.sdkstatcache -Xcc -I/Users/runner/work/sqkd/sqkd/build/Build/Intermediates.noindex/EmbyVision.build/Release-iphoneos/EmbyVision.build/swift-overrides.hmap -Xcc -iquote -Xcc /Users/runner/work/sqkd/sqkd/build/Build/Intermediates.noindex/EmbyVision.build/Release-iphoneos/EmbyVision.build/EmbyVision-generated-files.hmap -Xcc -I/Users/runner/work/sqkd/sqkd/build/Build/Intermediates.noindex/EmbyVision.build/Release-iphoneos/EmbyVision.build/EmbyVision-own-target-headers.hmap -Xcc -I/Users/runner/work/sqkd/sqkd/build/Build/Intermediates.noindex/EmbyVision.build/Release-iphoneos/EmbyVision.build/EmbyVision-all-non-framework-target-headers.hmap -Xcc -ivfsoverlay -Xcc /Users/runner/work/sqkd/sqkd/build/Build/Intermediates.noindex/EmbyVision.build/Release-iphoneos/EmbyVision-a94261eca46f400ebedb95a15f3ee252-VFS-iphoneos/all-product-headers.yaml -Xcc -iquote -Xcc /Users/runner/work/sqkd/sqkd/build/Build/Intermediates.noindex/EmbyVision.build/Release-iphoneos/EmbyVision.build/EmbyVision-project-headers.hmap -Xcc -I/Users/runner/work/sqkd/sqkd/build/SourcePackages/checkouts/FFmpegKit/Sources/FFmpegKit/include -Xcc -I/Users/runner/work/sqkd/sqkd/build/SourcePackages/checkouts/KSPlayer/Sources/DisplayCriteria/include -Xcc -I/Users/runner/work/sqkd/sqkd/build/Build/Products/Release-iphoneos/include -Xcc -I/Users/runner/work/sqkd/sqkd/build/Build/Intermediates.noindex/EmbyVision.build/Release-iphoneos/EmbyVision.build/DerivedSources-normal/arm64 -Xcc -I/Users/runner/work/sqkd/sqkd/build/Build/Intermediates.noindex/EmbyVision.build/Release-iphoneos/EmbyVision.build/DerivedSources/arm64 -Xcc -I/Users/runner/work/sqkd/sqkd/build/Build/Intermediates.noindex/EmbyVision.build/Release-iphoneos/EmbyVision.build/DerivedSources -module-name EmbyVision -frontend-parseable-output -disable-clang-spi -target-sdk-version 18.2 -target-sdk-name iphoneos18.2 -external-plugin-path /Applications/Xcode_16.2.app/Contents/Developer/Platforms/iPhoneOS.platform/Developer/usr/lib/swift/host/plugins\#/Applications/Xcode_16.2.app/Contents/Developer/Platforms/iPhoneOS.platform/Developer/usr/bin/swift-plugin-server -external-plugin-path /Applications/Xcode_16.2.app/Contents/Developer/Platforms/iPhoneOS.platform/Developer/usr/local/lib/swift/host/plugins\#/Applications/Xcode_16.2.app/Contents/Developer/Platforms/iPhoneOS.platform/Developer/usr/bin/swift-plugin-server -plugin-path /Applications/Xcode_16.2.app/Contents/Developer/Toolchains/XcodeDefault.xctoolchain/usr/lib/swift/host/plugins -plugin-path /Applications/Xcode_16.2.app/Contents/Developer/Toolchains/XcodeDefault.xctoolchain/usr/local/lib/swift/host/plugins -enable-default-cmo -num-threads 3 -o /Users/runner/work/sqkd/sqkd/build/Build/Intermediates.noindex/EmbyVision.build/Release-iphoneos/EmbyVision.build/Objects-normal/arm64/AppEnvironment.o -o /Users/runner/work/sqkd/sqkd/build/Build/Intermediates.noindex/EmbyVision.build/Release-iphoneos/EmbyVision.build/Objects-normal/arm64/DirectPlayProfile.o -o /Users/runner/work/sqkd/sqkd/build/Build/Intermediates.noindex/EmbyVision.build/Release-iphoneos/EmbyVision.build/Objects-normal/arm64/EmbyAPIService.o -o /Users/runner/work/sqkd/sqkd/build/Build/Intermediates.noindex/EmbyVision.build/Release-iphoneos/EmbyVision.build/Objects-normal/arm64/EmbyItem.o -o /Users/runner/work/sqkd/sqkd/build/Build/Intermediates.noindex/EmbyVision.build/Release-iphoneos/EmbyVision.build/Objects-normal/arm64/EmbyServer.o -o /Users/runner/work/sqkd/sqkd/build/Build/Intermediates.noindex/EmbyVision.build/Release-iphoneos/EmbyVision.build/Objects-normal/arm64/EmbyVisionApp.o -o /Users/runner/work/sqkd/sqkd/build/Build/Intermediates.noindex/EmbyVision.build/Release-iphoneos/EmbyVision.build/Objects-normal/arm64/KSVideoPlayerRepresentable.o -o /Users/runner/work/sqkd/sqkd/build/Build/Intermediates.noindex/EmbyVision.build/Release-iphoneos/EmbyVision.build/Objects-normal/arm64/LibraryHomeView.o -o /Users/runner/work/sqkd/sqkd/build/Build/Intermediates.noindex/EmbyVision.build/Release-iphoneos/EmbyVision.build/Objects-normal/arm64/MediaCardView.o -o /Users/runner/work/sqkd/sqkd/build/Build/Intermediates.noindex/EmbyVision.build/Release-iphoneos/EmbyVision.build/Objects-normal/arm64/MediaDetailView.o -o /Users/runner/work/sqkd/sqkd/build/Build/Intermediates.noindex/EmbyVision.build/Release-iphoneos/EmbyVision.build/Objects-normal/arm64/MediaStream.o -o /Users/runner/work/sqkd/sqkd/build/Build/Intermediates.noindex/EmbyVision.build/Release-iphoneos/EmbyVision.build/Objects-normal/arm64/PlaybackInfo.o -o /Users/runner/work/sqkd/sqkd/build/Build/Intermediates.noindex/EmbyVision.build/Release-iphoneos/EmbyVision.build/Objects-normal/arm64/PlaybackSyncManager.o -o /Users/runner/work/sqkd/sqkd/build/Build/Intermediates.noindex/EmbyVision.build/Release-iphoneos/EmbyVision.build/Objects-normal/arm64/PlayerOverlayView.o -o /Users/runner/work/sqkd/sqkd/build/Build/Intermediates.noindex/EmbyVision.build/Release-iphoneos/EmbyVision.build/Objects-normal/arm64/ServerLoginView.o -o /Users/runner/work/sqkd/sqkd/build/Build/Intermediates.noindex/EmbyVision.build/Release-iphoneos/EmbyVision.build/Objects-normal/arm64/SettingsView.o -o /Users/runner/work/sqkd/sqkd/build/Build/Intermediates.noindex/EmbyVision.build/Release-iphoneos/EmbyVision.build/Objects-normal/arm64/VideoPlayerContainerView.o -index-unit-output-path /EmbyVision.build/Release-iphoneos/EmbyVision.build/Objects-normal/arm64/AppEnvironment.o -index-unit-output-path /EmbyVision.build/Release-iphoneos/EmbyVision.build/Objects-normal/arm64/DirectPlayProfile.o -index-unit-output-path /EmbyVision.build/Release-iphoneos/EmbyVision.build/Objects-normal/arm64/EmbyAPIService.o -index-unit-output-path /EmbyVision.build/Release-iphoneos/EmbyVision.build/Objects-normal/arm64/EmbyItem.o -index-unit-output-path /EmbyVision.build/Release-iphoneos/EmbyVision.build/Objects-normal/arm64/EmbyServer.o -index-unit-output-path /EmbyVision.build/Release-iphoneos/EmbyVision.build/Objects-normal/arm64/EmbyVisionApp.o -index-unit-output-path /EmbyVision.build/Release-iphoneos/EmbyVision.build/Objects-normal/arm64/KSVideoPlayerRepresentable.o -index-unit-output-path /EmbyVision.build/Release-iphoneos/EmbyVision.build/Objects-normal/arm64/LibraryHomeView.o -index-unit-output-path /EmbyVision.build/Release-iphoneos/EmbyVision.build/Objects-normal/arm64/MediaCardView.o -index-unit-output-path /EmbyVision.build/Release-iphoneos/EmbyVision.build/Objects-normal/arm64/MediaDetailView.o -index-unit-output-path /EmbyVision.build/Release-iphoneos/EmbyVision.build/Objects-normal/arm64/MediaStream.o -index-unit-output-path /EmbyVision.build/Release-iphoneos/EmbyVision.build/Objects-normal/arm64/PlaybackInfo.o -index-unit-output-path /EmbyVision.build/Release-iphoneos/EmbyVision.build/Objects-normal/arm64/PlaybackSyncManager.o -index-unit-output-path /EmbyVision.build/Release-iphoneos/EmbyVision.build/Objects-normal/arm64/PlayerOverlayView.o -index-unit-output-path /EmbyVision.build/Release-iphoneos/EmbyVision.build/Objects-normal/arm64/ServerLoginView.o -index-unit-output-path /EmbyVision.build/Release-iphoneos/EmbyVision.build/Objects-normal/arm64/SettingsView.o -index-unit-output-path /EmbyVision.build/Release-iphoneos/EmbyVision.build/Objects-normal/arm64/VideoPlayerContainerView.o

CompileSwift normal arm64 (in target 'EmbyVision' from project 'EmbyVision')
    cd /Users/runner/work/sqkd/sqkd
    /Applications/Xcode_16.2.app/Contents/Developer/Toolchains/XcodeDefault.xctoolchain/usr/bin/swift-frontend -c /Users/runner/work/sqkd/sqkd/EmbyVision/App/AppEnvironment.swift /Users/runner/work/sqkd/sqkd/EmbyVision/Services/DirectPlayProfile.swift /Users/runner/work/sqkd/sqkd/EmbyVision/Services/EmbyAPIService.swift /Users/runner/work/sqkd/sqkd/EmbyVision/Models/EmbyItem.swift /Users/runner/work/sqkd/sqkd/EmbyVision/Models/EmbyServer.swift /Users/runner/work/sqkd/sqkd/EmbyVision/App/EmbyVisionApp.swift /Users/runner/work/sqkd/sqkd/EmbyVision/Views/Player/KSVideoPlayerRepresentable.swift /Users/runner/work/sqkd/sqkd/EmbyVision/Views/Library/LibraryHomeView.swift /Users/runner/work/sqkd/sqkd/EmbyVision/Views/Library/MediaCardView.swift /Users/runner/work/sqkd/sqkd/EmbyVision/Views/Library/MediaDetailView.swift /Users/runner/work/sqkd/sqkd/EmbyVision/Models/MediaStream.swift /Users/runner/work/sqkd/sqkd/EmbyVision/Models/PlaybackInfo.swift /Users/runner/work/sqkd/sqkd/EmbyVision/Services/PlaybackSyncManager.swift /Users/runner/work/sqkd/sqkd/EmbyVision/Views/Player/PlayerOverlayView.swift /Users/runner/work/sqkd/sqkd/EmbyVision/Views/Server/ServerLoginView.swift /Users/runner/work/sqkd/sqkd/EmbyVision/Views/Settings/SettingsView.swift /Users/runner/work/sqkd/sqkd/EmbyVision/Views/Player/VideoPlayerContainerView.swift -supplementary-output-file-map /Users/runner/work/sqkd/sqkd/build/Build/Intermediates.noindex/EmbyVision.build/Release-iphoneos/EmbyVision.build/Objects-normal/arm64/supplementaryOutputs-2 -target arm64-apple-ios16.0 -Xllvm -aarch64-use-tbi -enable-objc-interop -stack-check -sdk /Applications/Xcode_16.2.app/Contents/Developer/Platforms/iPhoneOS.platform/Developer/SDKs/iPhoneOS18.2.sdk -I /Users/runner/work/sqkd/sqkd/build/Build/Products/Release-iphoneos -F /Users/runner/work/sqkd/sqkd/build/Build/Products/Release-iphoneos/PackageFrameworks -F /Users/runner/work/sqkd/sqkd/build/Build/Products/Release-iphoneos/PackageFrameworks -F /Users/runner/work/sqkd/sqkd/build/Build/Products/Release-iphoneos/PackageFrameworks -F /Users/runner/work/sqkd/sqkd/build/Build/Products/Release-iphoneos -no-color-diagnostics -g -debug-info-format\=dwarf -dwarf-version\=4 -module-cache-path /Users/runner/work/sqkd/sqkd/build/ModuleCache.noindex -swift-version 5 -enforce-exclusivity\=checked -O -serialize-debugging-options -const-gather-protocols-file /Users/runner/work/sqkd/sqkd/build/Build/Intermediates.noindex/EmbyVision.build/Release-iphoneos/EmbyVision.build/Objects-normal/arm64/EmbyVision_const_extract_protocols.json -enable-experimental-feature DebugDescriptionMacro -enable-bare-slash-regex -empty-abi-descriptor -validate-clang-modules-once -clang-build-session-file /Users/runner/work/sqkd/sqkd/build/ModuleCache.noindex/Session.modulevalidation -Xcc -working-directory -Xcc /Users/runner/work/sqkd/sqkd -resource-dir /Applications/Xcode_16.2.app/Contents/Developer/Toolchains/XcodeDefault.xctoolchain/usr/lib/swift -file-compilation-dir /Users/runner/work/sqkd/sqkd -Xcc -fmodule-map-file\=/Users/runner/work/sqkd/sqkd/build/Build/Intermediates.noindex/GeneratedModuleMaps-iphoneos/FFmpegKit.modulemap -Xcc -fmodule-map-file\=/Users/runner/work/sqkd/sqkd/build/Build/Intermediates.noindex/GeneratedModuleMaps-iphoneos/DisplayCriteria.modulemap -Xcc -ivfsstatcache -Xcc /Users/runner/work/sqkd/sqkd/build/SDKStatCaches.noindex/iphoneos18.2-22C146-6f6929c68f51360d5ca70a73a7e0c2f9.sdkstatcache -Xcc -I/Users/runner/work/sqkd/sqkd/build/Build/Intermediates.noindex/EmbyVision.build/Release-iphoneos/EmbyVision.build/swift-overrides.hmap -Xcc -iquote -Xcc /Users/runner/work/sqkd/sqkd/build/Build/Intermediates.noindex/EmbyVision.build/Release-iphoneos/EmbyVision.build/EmbyVision-generated-files.hmap -Xcc -I/Users/runner/work/sqkd/sqkd/build/Build/Intermediates.noindex/EmbyVision.build/Release-iphoneos/EmbyVision.build/EmbyVision-own-target-headers.hmap -Xcc -I/Users/runner/work/sqkd/sqkd/build/Build/Intermediates.noindex/EmbyVision.build/Release-iphoneos/EmbyVision.build/EmbyVision-all-non-framework-target-headers.hmap -Xcc -ivfsoverlay -Xcc /Users/runner/work/sqkd/sqkd/build/Build/Intermediates.noindex/EmbyVision.build/Release-iphoneos/EmbyVision-a94261eca46f400ebedb95a15f3ee252-VFS-iphoneos/all-product-headers.yaml -Xcc -iquote -Xcc /Users/runner/work/sqkd/sqkd/build/Build/Intermediates.noindex/EmbyVision.build/Release-iphoneos/EmbyVision.build/EmbyVision-project-headers.hmap -Xcc -I/Users/runner/work/sqkd/sqkd/build/SourcePackages/checkouts/FFmpegKit/Sources/FFmpegKit/include -Xcc -I/Users/runner/work/sqkd/sqkd/build/SourcePackages/checkouts/KSPlayer/Sources/DisplayCriteria/include -Xcc -I/Users/runner/work/sqkd/sqkd/build/Build/Products/Release-iphoneos/include -Xcc -I/Users/runner/work/sqkd/sqkd/build/Build/Intermediates.noindex/EmbyVision.build/Release-iphoneos/EmbyVision.build/DerivedSources-normal/arm64 -Xcc -I/Users/runner/work/sqkd/sqkd/build/Build/Intermediates.noindex/EmbyVision.build/Release-iphoneos/EmbyVision.build/DerivedSources/arm64 -Xcc -I/Users/runner/work/sqkd/sqkd/build/Build/Intermediates.noindex/EmbyVision.build/Release-iphoneos/EmbyVision.build/DerivedSources -module-name EmbyVision -frontend-parseable-output -disable-clang-spi -target-sdk-version 18.2 -target-sdk-name iphoneos18.2 -external-plugin-path /Applications/Xcode_16.2.app/Contents/Developer/Platforms/iPhoneOS.platform/Developer/usr/lib/swift/host/plugins\#/Applications/Xcode_16.2.app/Contents/Developer/Platforms/iPhoneOS.platform/Developer/usr/bin/swift-plugin-server -external-plugin-path /Applications/Xcode_16.2.app/Contents/Developer/Platforms/iPhoneOS.platform/Developer/usr/local/lib/swift/host/plugins\#/Applications/Xcode_16.2.app/Contents/Developer/Platforms/iPhoneOS.platform/Developer/usr/bin/swift-plugin-server -plugin-path /Applications/Xcode_16.2.app/Contents/Developer/Toolchains/XcodeDefault.xctoolchain/usr/lib/swift/host/plugins -plugin-path /Applications/Xcode_16.2.app/Contents/Developer/Toolchains/XcodeDefault.xctoolchain/usr/local/lib/swift/host/plugins -enable-default-cmo -num-threads 3 -o /Users/runner/work/sqkd/sqkd/build/Build/Intermediates.noindex/EmbyVision.build/Release-iphoneos/EmbyVision.build/Objects-normal/arm64/AppEnvironment.o -o /Users/runner/work/sqkd/sqkd/build/Build/Intermediates.noindex/EmbyVision.build/Release-iphoneos/EmbyVision.build/Objects-normal/arm64/DirectPlayProfile.o -o /Users/runner/work/sqkd/sqkd/build/Build/Intermediates.noindex/EmbyVision.build/Release-iphoneos/EmbyVision.build/Objects-normal/arm64/EmbyAPIService.o -o /Users/runner/work/sqkd/sqkd/build/Build/Intermediates.noindex/EmbyVision.build/Release-iphoneos/EmbyVision.build/Objects-normal/arm64/EmbyItem.o -o /Users/runner/work/sqkd/sqkd/build/Build/Intermediates.noindex/EmbyVision.build/Release-iphoneos/EmbyVision.build/Objects-normal/arm64/EmbyServer.o -o /Users/runner/work/sqkd/sqkd/build/Build/Intermediates.noindex/EmbyVision.build/Release-iphoneos/EmbyVision.build/Objects-normal/arm64/EmbyVisionApp.o -o /Users/runner/work/sqkd/sqkd/build/Build/Intermediates.noindex/EmbyVision.build/Release-iphoneos/EmbyVision.build/Objects-normal/arm64/KSVideoPlayerRepresentable.o -o /Users/runner/work/sqkd/sqkd/build/Build/Intermediates.noindex/EmbyVision.build/Release-iphoneos/EmbyVision.build/Objects-normal/arm64/LibraryHomeView.o -o /Users/runner/work/sqkd/sqkd/build/Build/Intermediates.noindex/EmbyVision.build/Release-iphoneos/EmbyVision.build/Objects-normal/arm64/MediaCardView.o -o /Users/runner/work/sqkd/sqkd/build/Build/Intermediates.noindex/EmbyVision.build/Release-iphoneos/EmbyVision.build/Objects-normal/arm64/MediaDetailView.o -o /Users/runner/work/sqkd/sqkd/build/Build/Intermediates.noindex/EmbyVision.build/Release-iphoneos/EmbyVision.build/Objects-normal/arm64/MediaStream.o -o /Users/runner/work/sqkd/sqkd/build/Build/Intermediates.noindex/EmbyVision.build/Release-iphoneos/EmbyVision.build/Objects-normal/arm64/PlaybackInfo.o -o /Users/runner/work/sqkd/sqkd/build/Build/Intermediates.noindex/EmbyVision.build/Release-iphoneos/EmbyVision.build/Objects-normal/arm64/PlaybackSyncManager.o -o /Users/runner/work/sqkd/sqkd/build/Build/Intermediates.noindex/EmbyVision.build/Release-iphoneos/EmbyVision.build/Objects-normal/arm64/PlayerOverlayView.o -o /Users/runner/work/sqkd/sqkd/build/Build/Intermediates.noindex/EmbyVision.build/Release-iphoneos/EmbyVision.build/Objects-normal/arm64/ServerLoginView.o -o /Users/runner/work/sqkd/sqkd/build/Build/Intermediates.noindex/EmbyVision.build/Release-iphoneos/EmbyVision.build/Objects-normal/arm64/SettingsView.o -o /Users/runner/work/sqkd/sqkd/build/Build/Intermediates.noindex/EmbyVision.build/Release-iphoneos/EmbyVision.build/Objects-normal/arm64/VideoPlayerContainerView.o -index-unit-output-path /EmbyVision.build/Release-iphoneos/EmbyVision.build/Objects-normal/arm64/AppEnvironment.o -index-unit-output-path /EmbyVision.build/Release-iphoneos/EmbyVision.build/Objects-normal/arm64/DirectPlayProfile.o -index-unit-output-path /EmbyVision.build/Release-iphoneos/EmbyVision.build/Objects-normal/arm64/EmbyAPIService.o -index-unit-output-path /EmbyVision.build/Release-iphoneos/EmbyVision.build/Objects-normal/arm64/EmbyItem.o -index-unit-output-path /EmbyVision.build/Release-iphoneos/EmbyVision.build/Objects-normal/arm64/EmbyServer.o -index-unit-output-path /EmbyVision.build/Release-iphoneos/EmbyVision.build/Objects-normal/arm64/EmbyVisionApp.o -index-unit-output-path /EmbyVision.build/Release-iphoneos/EmbyVision.build/Objects-normal/arm64/KSVideoPlayerRepresentable.o -index-unit-output-path /EmbyVision.build/Release-iphoneos/EmbyVision.build/Objects-normal/arm64/LibraryHomeView.o -index-unit-output-path /EmbyVision.build/Release-iphoneos/EmbyVision.build/Objects-normal/arm64/MediaCardView.o -index-unit-output-path /EmbyVision.build/Release-iphoneos/EmbyVision.build/Objects-normal/arm64/MediaDetailView.o -index-unit-output-path /EmbyVision.build/Release-iphoneos/EmbyVision.build/Objects-normal/arm64/MediaStream.o -index-unit-output-path /EmbyVision.build/Release-iphoneos/EmbyVision.build/Objects-normal/arm64/PlaybackInfo.o -index-unit-output-path /EmbyVision.build/Release-iphoneos/EmbyVision.build/Objects-normal/arm64/PlaybackSyncManager.o -index-unit-output-path /EmbyVision.build/Release-iphoneos/EmbyVision.build/Objects-normal/arm64/PlayerOverlayView.o -index-unit-output-path /EmbyVision.build/Release-iphoneos/EmbyVision.build/Objects-normal/arm64/ServerLoginView.o -index-unit-output-path /EmbyVision.build/Release-iphoneos/EmbyVision.build/Objects-normal/arm64/SettingsView.o -index-unit-output-path /EmbyVision.build/Release-iphoneos/EmbyVision.build/Objects-normal/arm64/VideoPlayerContainerView.o
/Users/runner/work/sqkd/sqkd/EmbyVision/Views/Player/KSVideoPlayerRepresentable.swift:64:25: error: value of type 'KSOptions' has no member 'canProcessPicture'
                options.canProcessPicture = true
                ~~~~~~~ ^~~~~~~~~~~~~~~~~

CodeSign /Users/runner/work/sqkd/sqkd/build/Build/Products/Release-iphoneos/KSPlayer.o (in target 'KSPlayer' from project 'KSPlayer')
    cd /Users/runner/work/sqkd/sqkd/build/SourcePackages/checkouts/KSPlayer
    
    Signing Identity:     "Sign to Run Locally"
    
    /usr/bin/codesign --force --sign - --timestamp\=none --generate-entitlement-der /Users/runner/work/sqkd/sqkd/build/Build/Products/Release-iphoneos/KSPlayer.o

RegisterExecutionPolicyException /Users/runner/work/sqkd/sqkd/build/Build/Products/Release-iphoneos/KSPlayer.o (in target 'KSPlayer' from project 'KSPlayer')
    cd /Users/runner/work/sqkd/sqkd/build/SourcePackages/checkouts/KSPlayer
    builtin-RegisterExecutionPolicyException /Users/runner/work/sqkd/sqkd/build/Build/Products/Release-iphoneos/KSPlayer.o

Copy /Users/runner/work/sqkd/sqkd/build/Build/Products/Release-iphoneos/EmbyVision.app/KSPlayer_KSPlayer.bundle /Users/runner/work/sqkd/sqkd/build/Build/Products/Release-iphoneos/KSPlayer_KSPlayer.bundle (in target 'EmbyVision' from project 'EmbyVision')
    cd /Users/runner/work/sqkd/sqkd
    builtin-copy -exclude .DS_Store -exclude CVS -exclude .svn -exclude .git -exclude .hg -resolve-src-symlinks /Users/runner/work/sqkd/sqkd/build/Build/Products/Release-iphoneos/KSPlayer_KSPlayer.bundle /Users/runner/work/sqkd/sqkd/build/Build/Products/Release-iphoneos/EmbyVision.app

Copy /Users/runner/work/sqkd/sqkd/build/Build/Products/Release-iphoneos/EmbyVision.app/Frameworks/nettle.framework /Users/runner/work/sqkd/sqkd/build/SourcePackages/checkouts/FFmpegKit/Sources/nettle.xcframework/ios-arm64/nettle.framework (in target 'EmbyVision' from project 'EmbyVision')
    cd /Users/runner/work/sqkd/sqkd
    builtin-copy -exclude .DS_Store -exclude CVS -exclude .svn -exclude .git -exclude .hg -exclude Headers -exclude PrivateHeaders -exclude Modules -exclude \*.tbd -bitcode-strip all -bitcode-strip-tool /Applications/Xcode_16.2.app/Contents/Developer/Toolchains/XcodeDefault.xctoolchain/usr/bin/bitcode_strip -resolve-src-symlinks -remove-static-executable /Users/runner/work/sqkd/sqkd/build/SourcePackages/checkouts/FFmpegKit/Sources/nettle.xcframework/ios-arm64/nettle.framework /Users/runner/work/sqkd/sqkd/build/Build/Products/Release-iphoneos/EmbyVision.app/Frameworks
note: Injecting stub binary into codeless framework (in target 'EmbyVision' from project 'EmbyVision')
    /Applications/Xcode_16.2.app/Contents/Developer/Toolchains/XcodeDefault.xctoolchain/usr/bin/clang -isysroot /Applications/Xcode_16.2.app/Contents/Developer/Platforms/iPhoneOS.platform/Developer/SDKs/iPhoneOS18.2.sdk -x c -c /dev/null -target arm64-apple-ios13.0 -o /private/var/folders/g3/pffjr_y96bq06blnkf72x_hw0000gn/T/xcbuild.tmp.zOP9aChp/Data.noindex/arm64-apple.o
    /Applications/Xcode_16.2.app/Contents/Developer/Toolchains/XcodeDefault.xctoolchain/usr/bin/clang -isysroot /Applications/Xcode_16.2.app/Contents/Developer/Platforms/iPhoneOS.platform/Developer/SDKs/iPhoneOS18.2.sdk -dynamiclib -Xlinker -adhoc_codesign -target arm64-apple-ios13.0 -o /private/var/folders/g3/pffjr_y96bq06blnkf72x_hw0000gn/T/xcbuild.tmp.zOP9aChp/Data.noindex/arm64-apple /private/var/folders/g3/pffjr_y96bq06blnkf72x_hw0000gn/T/xcbuild.tmp.zOP9aChp/Data.noindex/arm64-apple.o
    /Applications/Xcode_16.2.app/Contents/Developer/Toolchains/XcodeDefault.xctoolchain/usr/bin/lipo -create -output /Users/runner/work/sqkd/sqkd/build/Build/Products/Release-iphoneos/EmbyVision.app/Frameworks/nettle.framework/nettle /private/var/folders/g3/pffjr_y96bq06blnkf72x_hw0000gn/T/xcbuild.tmp.zOP9aChp/Data.noindex/arm64-apple

Copy /Users/runner/work/sqkd/sqkd/build/Build/Products/Release-iphoneos/EmbyVision.app/Frameworks/libzvbi.framework /Users/runner/work/sqkd/sqkd/build/SourcePackages/checkouts/FFmpegKit/Sources/libzvbi.xcframework/ios-arm64/libzvbi.framework (in target 'EmbyVision' from project 'EmbyVision')
    cd /Users/runner/work/sqkd/sqkd
    builtin-copy -exclude .DS_Store -exclude CVS -exclude .svn -exclude .git -exclude .hg -exclude Headers -exclude PrivateHeaders -exclude Modules -exclude \*.tbd -bitcode-strip all -bitcode-strip-tool /Applications/Xcode_16.2.app/Contents/Developer/Toolchains/XcodeDefault.xctoolchain/usr/bin/bitcode_strip -resolve-src-symlinks -remove-static-executable /Users/runner/work/sqkd/sqkd/build/SourcePackages/checkouts/FFmpegKit/Sources/libzvbi.xcframework/ios-arm64/libzvbi.framework /Users/runner/work/sqkd/sqkd/build/Build/Products/Release-iphoneos/EmbyVision.app/Frameworks
note: Injecting stub binary into codeless framework (in target 'EmbyVision' from project 'EmbyVision')
    /Applications/Xcode_16.2.app/Contents/Developer/Toolchains/XcodeDefault.xctoolchain/usr/bin/clang -isysroot /Applications/Xcode_16.2.app/Contents/Developer/Platforms/iPhoneOS.platform/Developer/SDKs/iPhoneOS18.2.sdk -x c -c /dev/null -target arm64-apple-ios13.0 -o /private/var/folders/g3/pffjr_y96bq06blnkf72x_hw0000gn/T/xcbuild.tmp.MwnOEWMh/Data.noindex/arm64-apple.o
    /Applications/Xcode_16.2.app/Contents/Developer/Toolchains/XcodeDefault.xctoolchain/usr/bin/clang -isysroot /Applications/Xcode_16.2.app/Contents/Developer/Platforms/iPhoneOS.platform/Developer/SDKs/iPhoneOS18.2.sdk -dynamiclib -Xlinker -adhoc_codesign -target arm64-apple-ios13.0 -o /private/var/folders/g3/pffjr_y96bq06blnkf72x_hw0000gn/T/xcbuild.tmp.MwnOEWMh/Data.noindex/arm64-apple /private/var/folders/g3/pffjr_y96bq06blnkf72x_hw0000gn/T/xcbuild.tmp.MwnOEWMh/Data.noindex/arm64-apple.o
    /Applications/Xcode_16.2.app/Contents/Developer/Toolchains/XcodeDefault.xctoolchain/usr/bin/lipo -create -output /Users/runner/work/sqkd/sqkd/build/Build/Products/Release-iphoneos/EmbyVision.app/Frameworks/libzvbi.framework/libzvbi /private/var/folders/g3/pffjr_y96bq06blnkf72x_hw0000gn/T/xcbuild.tmp.MwnOEWMh/Data.noindex/arm64-apple

Copy /Users/runner/work/sqkd/sqkd/build/Build/Products/Release-iphoneos/EmbyVision.app/Frameworks/libsrt.framework /Users/runner/work/sqkd/sqkd/build/SourcePackages/checkouts/FFmpegKit/Sources/libsrt.xcframework/ios-arm64/libsrt.framework (in target 'EmbyVision' from project 'EmbyVision')
    cd /Users/runner/work/sqkd/sqkd
    builtin-copy -exclude .DS_Store -exclude CVS -exclude .svn -exclude .git -exclude .hg -exclude Headers -exclude PrivateHeaders -exclude Modules -exclude \*.tbd -bitcode-strip all -bitcode-strip-tool /Applications/Xcode_16.2.app/Contents/Developer/Toolchains/XcodeDefault.xctoolchain/usr/bin/bitcode_strip -resolve-src-symlinks -remove-static-executable /Users/runner/work/sqkd/sqkd/build/SourcePackages/checkouts/FFmpegKit/Sources/libsrt.xcframework/ios-arm64/libsrt.framework /Users/runner/work/sqkd/sqkd/build/Build/Products/Release-iphoneos/EmbyVision.app/Frameworks
note: Injecting stub binary into codeless framework (in target 'EmbyVision' from project 'EmbyVision')
    /Applications/Xcode_16.2.app/Contents/Developer/Toolchains/XcodeDefault.xctoolchain/usr/bin/clang -isysroot /Applications/Xcode_16.2.app/Contents/Developer/Platforms/iPhoneOS.platform/Developer/SDKs/iPhoneOS18.2.sdk -x c -c /dev/null -target arm64-apple-ios13.0 -o /private/var/folders/g3/pffjr_y96bq06blnkf72x_hw0000gn/T/xcbuild.tmp.mGCXan5c/Data.noindex/arm64-apple.o
    /Applications/Xcode_16.2.app/Contents/Developer/Toolchains/XcodeDefault.xctoolchain/usr/bin/clang -isysroot /Applications/Xcode_16.2.app/Contents/Developer/Platforms/iPhoneOS.platform/Developer/SDKs/iPhoneOS18.2.sdk -dynamiclib -Xlinker -adhoc_codesign -target arm64-apple-ios13.0 -o /private/var/folders/g3/pffjr_y96bq06blnkf72x_hw0000gn/T/xcbuild.tmp.mGCXan5c/Data.noindex/arm64-apple /private/var/folders/g3/pffjr_y96bq06blnkf72x_hw0000gn/T/xcbuild.tmp.mGCXan5c/Data.noindex/arm64-apple.o
    /Applications/Xcode_16.2.app/Contents/Developer/Toolchains/XcodeDefault.xctoolchain/usr/bin/lipo -create -output /Users/runner/work/sqkd/sqkd/build/Build/Products/Release-iphoneos/EmbyVision.app/Frameworks/libsrt.framework/libsrt /private/var/folders/g3/pffjr_y96bq06blnkf72x_hw0000gn/T/xcbuild.tmp.mGCXan5c/Data.noindex/arm64-apple

Copy /Users/runner/work/sqkd/sqkd/build/Build/Products/Release-iphoneos/EmbyVision.app/Frameworks/libsmbclient.framework /Users/runner/work/sqkd/sqkd/build/SourcePackages/checkouts/FFmpegKit/Sources/libsmbclient.xcframework/ios-arm64/libsmbclient.framework (in target 'EmbyVision' from project 'EmbyVision')
    cd /Users/runner/work/sqkd/sqkd
    builtin-copy -exclude .DS_Store -exclude CVS -exclude .svn -exclude .git -exclude .hg -exclude Headers -exclude PrivateHeaders -exclude Modules -exclude \*.tbd -bitcode-strip all -bitcode-strip-tool /Applications/Xcode_16.2.app/Contents/Developer/Toolchains/XcodeDefault.xctoolchain/usr/bin/bitcode_strip -resolve-src-symlinks -remove-static-executable /Users/runner/work/sqkd/sqkd/build/SourcePackages/checkouts/FFmpegKit/Sources/libsmbclient.xcframework/ios-arm64/libsmbclient.framework /Users/runner/work/sqkd/sqkd/build/Build/Products/Release-iphoneos/EmbyVision.app/Frameworks
note: Injecting stub binary into codeless framework (in target 'EmbyVision' from project 'EmbyVision')
    /Applications/Xcode_16.2.app/Contents/Developer/Toolchains/XcodeDefault.xctoolchain/usr/bin/clang -isysroot /Applications/Xcode_16.2.app/Contents/Developer/Platforms/iPhoneOS.platform/Developer/SDKs/iPhoneOS18.2.sdk -x c -c /dev/null -target arm64-apple-ios13.0 -o /private/var/folders/g3/pffjr_y96bq06blnkf72x_hw0000gn/T/xcbuild.tmp.THJdtsF3/Data.noindex/arm64-apple.o
    /Applications/Xcode_16.2.app/Contents/Developer/Toolchains/XcodeDefault.xctoolchain/usr/bin/clang -isysroot /Applications/Xcode_16.2.app/Contents/Developer/Platforms/iPhoneOS.platform/Developer/SDKs/iPhoneOS18.2.sdk -dynamiclib -Xlinker -adhoc_codesign -target arm64-apple-ios13.0 -o /private/var/folders/g3/pffjr_y96bq06blnkf72x_hw0000gn/T/xcbuild.tmp.THJdtsF3/Data.noindex/arm64-apple /private/var/folders/g3/pffjr_y96bq06blnkf72x_hw0000gn/T/xcbuild.tmp.THJdtsF3/Data.noindex/arm64-apple.o
    /Applications/Xcode_16.2.app/Contents/Developer/Toolchains/XcodeDefault.xctoolchain/usr/bin/lipo -create -output /Users/runner/work/sqkd/sqkd/build/Build/Products/Release-iphoneos/EmbyVision.app/Frameworks/libsmbclient.framework/libsmbclient /private/var/folders/g3/pffjr_y96bq06blnkf72x_hw0000gn/T/xcbuild.tmp.THJdtsF3/Data.noindex/arm64-apple

Copy /Users/runner/work/sqkd/sqkd/build/Build/Products/Release-iphoneos/EmbyVision.app/Frameworks/libshaderc_combined.framework /Users/runner/work/sqkd/sqkd/build/SourcePackages/checkouts/FFmpegKit/Sources/libshaderc_combined.xcframework/ios-arm64/libshaderc_combined.framework (in target 'EmbyVision' from project 'EmbyVision')
    cd /Users/runner/work/sqkd/sqkd
    builtin-copy -exclude .DS_Store -exclude CVS -exclude .svn -exclude .git -exclude .hg -exclude Headers -exclude PrivateHeaders -exclude Modules -exclude \*.tbd -bitcode-strip all -bitcode-strip-tool /Applications/Xcode_16.2.app/Contents/Developer/Toolchains/XcodeDefault.xctoolchain/usr/bin/bitcode_strip -resolve-src-symlinks -remove-static-executable /Users/runner/work/sqkd/sqkd/build/SourcePackages/checkouts/FFmpegKit/Sources/libshaderc_combined.xcframework/ios-arm64/libshaderc_combined.framework /Users/runner/work/sqkd/sqkd/build/Build/Products/Release-iphoneos/EmbyVision.app/Frameworks
note: Injecting stub binary into codeless framework (in target 'EmbyVision' from project 'EmbyVision')
    /Applications/Xcode_16.2.app/Contents/Developer/Toolchains/XcodeDefault.xctoolchain/usr/bin/clang -isysroot /Applications/Xcode_16.2.app/Contents/Developer/Platforms/iPhoneOS.platform/Developer/SDKs/iPhoneOS18.2.sdk -x c -c /dev/null -target arm64-apple-ios13.0 -o /private/var/folders/g3/pffjr_y96bq06blnkf72x_hw0000gn/T/xcbuild.tmp.wpbo5FUI/Data.noindex/arm64-apple.o
    /Applications/Xcode_16.2.app/Contents/Developer/Toolchains/XcodeDefault.xctoolchain/usr/bin/clang -isysroot /Applications/Xcode_16.2.app/Contents/Developer/Platforms/iPhoneOS.platform/Developer/SDKs/iPhoneOS18.2.sdk -dynamiclib -Xlinker -adhoc_codesign -target arm64-apple-ios13.0 -o /private/var/folders/g3/pffjr_y96bq06blnkf72x_hw0000gn/T/xcbuild.tmp.wpbo5FUI/Data.noindex/arm64-apple /private/var/folders/g3/pffjr_y96bq06blnkf72x_hw0000gn/T/xcbuild.tmp.wpbo5FUI/Data.noindex/arm64-apple.o
    /Applications/Xcode_16.2.app/Contents/Developer/Toolchains/XcodeDefault.xctoolchain/usr/bin/lipo -create -output /Users/runner/work/sqkd/sqkd/build/Build/Products/Release-iphoneos/EmbyVision.app/Frameworks/libshaderc_combined.framework/libshaderc_combined /private/var/folders/g3/pffjr_y96bq06blnkf72x_hw0000gn/T/xcbuild.tmp.wpbo5FUI/Data.noindex/arm64-apple

Copy /Users/runner/work/sqkd/sqkd/build/Build/Products/Release-iphoneos/EmbyVision.app/Frameworks/libplacebo.framework /Users/runner/work/sqkd/sqkd/build/SourcePackages/checkouts/FFmpegKit/Sources/libplacebo.xcframework/ios-arm64/libplacebo.framework (in target 'EmbyVision' from project 'EmbyVision')
    cd /Users/runner/work/sqkd/sqkd
    builtin-copy -exclude .DS_Store -exclude CVS -exclude .svn -exclude .git -exclude .hg -exclude Headers -exclude PrivateHeaders -exclude Modules -exclude \*.tbd -bitcode-strip all -bitcode-strip-tool /Applications/Xcode_16.2.app/Contents/Developer/Toolchains/XcodeDefault.xctoolchain/usr/bin/bitcode_strip -resolve-src-symlinks -remove-static-executable /Users/runner/work/sqkd/sqkd/build/SourcePackages/checkouts/FFmpegKit/Sources/libplacebo.xcframework/ios-arm64/libplacebo.framework /Users/runner/work/sqkd/sqkd/build/Build/Products/Release-iphoneos/EmbyVision.app/Frameworks
note: Injecting stub binary into codeless framework (in target 'EmbyVision' from project 'EmbyVision')
    /Applications/Xcode_16.2.app/Contents/Developer/Toolchains/XcodeDefault.xctoolchain/usr/bin/clang -isysroot /Applications/Xcode_16.2.app/Contents/Developer/Platforms/iPhoneOS.platform/Developer/SDKs/iPhoneOS18.2.sdk -x c -c /dev/null -target arm64-apple-ios13.0 -o /private/var/folders/g3/pffjr_y96bq06blnkf72x_hw0000gn/T/xcbuild.tmp.0aHdSAFL/Data.noindex/arm64-apple.o
    /Applications/Xcode_16.2.app/Contents/Developer/Toolchains/XcodeDefault.xctoolchain/usr/bin/clang -isysroot /Applications/Xcode_16.2.app/Contents/Developer/Platforms/iPhoneOS.platform/Developer/SDKs/iPhoneOS18.2.sdk -dynamiclib -Xlinker -adhoc_codesign -target arm64-apple-ios13.0 -o /private/var/folders/g3/pffjr_y96bq06blnkf72x_hw0000gn/T/xcbuild.tmp.0aHdSAFL/Data.noindex/arm64-apple /private/var/folders/g3/pffjr_y96bq06blnkf72x_hw0000gn/T/xcbuild.tmp.0aHdSAFL/Data.noindex/arm64-apple.o
    /Applications/Xcode_16.2.app/Contents/Developer/Toolchains/XcodeDefault.xctoolchain/usr/bin/lipo -create -output /Users/runner/work/sqkd/sqkd/build/Build/Products/Release-iphoneos/EmbyVision.app/Frameworks/libplacebo.framework/libplacebo /private/var/folders/g3/pffjr_y96bq06blnkf72x_hw0000gn/T/xcbuild.tmp.0aHdSAFL/Data.noindex/arm64-apple

Copy /Users/runner/work/sqkd/sqkd/build/Build/Products/Release-iphoneos/EmbyVision.app/Frameworks/libharfbuzz.framework /Users/runner/work/sqkd/sqkd/build/SourcePackages/checkouts/FFmpegKit/Sources/libharfbuzz.xcframework/ios-arm64/libharfbuzz.framework (in target 'EmbyVision' from project 'EmbyVision')
    cd /Users/runner/work/sqkd/sqkd
    builtin-copy -exclude .DS_Store -exclude CVS -exclude .svn -exclude .git -exclude .hg -exclude Headers -exclude PrivateHeaders -exclude Modules -exclude \*.tbd -bitcode-strip all -bitcode-strip-tool /Applications/Xcode_16.2.app/Contents/Developer/Toolchains/XcodeDefault.xctoolchain/usr/bin/bitcode_strip -resolve-src-symlinks -remove-static-executable /Users/runner/work/sqkd/sqkd/build/SourcePackages/checkouts/FFmpegKit/Sources/libharfbuzz.xcframework/ios-arm64/libharfbuzz.framework /Users/runner/work/sqkd/sqkd/build/Build/Products/Release-iphoneos/EmbyVision.app/Frameworks
note: Injecting stub binary into codeless framework (in target 'EmbyVision' from project 'EmbyVision')
    /Applications/Xcode_16.2.app/Contents/Developer/Toolchains/XcodeDefault.xctoolchain/usr/bin/clang -isysroot /Applications/Xcode_16.2.app/Contents/Developer/Platforms/iPhoneOS.platform/Developer/SDKs/iPhoneOS18.2.sdk -x c -c /dev/null -target arm64-apple-ios13.0 -o /private/var/folders/g3/pffjr_y96bq06blnkf72x_hw0000gn/T/xcbuild.tmp.THGAyjvU/Data.noindex/arm64-apple.o
    /Applications/Xcode_16.2.app/Contents/Developer/Toolchains/XcodeDefault.xctoolchain/usr/bin/clang -isysroot /Applications/Xcode_16.2.app/Contents/Developer/Platforms/iPhoneOS.platform/Developer/SDKs/iPhoneOS18.2.sdk -dynamiclib -Xlinker -adhoc_codesign -target arm64-apple-ios13.0 -o /private/var/folders/g3/pffjr_y96bq06blnkf72x_hw0000gn/T/xcbuild.tmp.THGAyjvU/Data.noindex/arm64-apple /private/var/folders/g3/pffjr_y96bq06blnkf72x_hw0000gn/T/xcbuild.tmp.THGAyjvU/Data.noindex/arm64-apple.o
    /Applications/Xcode_16.2.app/Contents/Developer/Toolchains/XcodeDefault.xctoolchain/usr/bin/lipo -create -output /Users/runner/work/sqkd/sqkd/build/Build/Products/Release-iphoneos/EmbyVision.app/Frameworks/libharfbuzz.framework/libharfbuzz /private/var/folders/g3/pffjr_y96bq06blnkf72x_hw0000gn/T/xcbuild.tmp.THGAyjvU/Data.noindex/arm64-apple

Copy /Users/runner/work/sqkd/sqkd/build/Build/Products/Release-iphoneos/EmbyVision.app/Frameworks/libfribidi.framework /Users/runner/work/sqkd/sqkd/build/SourcePackages/checkouts/FFmpegKit/Sources/libfribidi.xcframework/ios-arm64/libfribidi.framework (in target 'EmbyVision' from project 'EmbyVision')
    cd /Users/runner/work/sqkd/sqkd
    builtin-copy -exclude .DS_Store -exclude CVS -exclude .svn -exclude .git -exclude .hg -exclude Headers -exclude PrivateHeaders -exclude Modules -exclude \*.tbd -bitcode-strip all -bitcode-strip-tool /Applications/Xcode_16.2.app/Contents/Developer/Toolchains/XcodeDefault.xctoolchain/usr/bin/bitcode_strip -resolve-src-symlinks -remove-static-executable /Users/runner/work/sqkd/sqkd/build/SourcePackages/checkouts/FFmpegKit/Sources/libfribidi.xcframework/ios-arm64/libfribidi.framework /Users/runner/work/sqkd/sqkd/build/Build/Products/Release-iphoneos/EmbyVision.app/Frameworks
note: Injecting stub binary into codeless framework (in target 'EmbyVision' from project 'EmbyVision')
    /Applications/Xcode_16.2.app/Contents/Developer/Toolchains/XcodeDefault.xctoolchain/usr/bin/clang -isysroot /Applications/Xcode_16.2.app/Contents/Developer/Platforms/iPhoneOS.platform/Developer/SDKs/iPhoneOS18.2.sdk -x c -c /dev/null -target arm64-apple-ios13.0 -o /private/var/folders/g3/pffjr_y96bq06blnkf72x_hw0000gn/T/xcbuild.tmp.3SADZAl0/Data.noindex/arm64-apple.o
    /Applications/Xcode_16.2.app/Contents/Developer/Toolchains/XcodeDefault.xctoolchain/usr/bin/clang -isysroot /Applications/Xcode_16.2.app/Contents/Developer/Platforms/iPhoneOS.platform/Developer/SDKs/iPhoneOS18.2.sdk -dynamiclib -Xlinker -adhoc_codesign -target arm64-apple-ios13.0 -o /private/var/folders/g3/pffjr_y96bq06blnkf72x_hw0000gn/T/xcbuild.tmp.3SADZAl0/Data.noindex/arm64-apple /private/var/folders/g3/pffjr_y96bq06blnkf72x_hw0000gn/T/xcbuild.tmp.3SADZAl0/Data.noindex/arm64-apple.o
    /Applications/Xcode_16.2.app/Contents/Developer/Toolchains/XcodeDefault.xctoolchain/usr/bin/lipo -create -output /Users/runner/work/sqkd/sqkd/build/Build/Products/Release-iphoneos/EmbyVision.app/Frameworks/libfribidi.framework/libfribidi /private/var/folders/g3/pffjr_y96bq06blnkf72x_hw0000gn/T/xcbuild.tmp.3SADZAl0/Data.noindex/arm64-apple

Copy /Users/runner/work/sqkd/sqkd/build/Build/Products/Release-iphoneos/EmbyVision.app/Frameworks/libfreetype.framework /Users/runner/work/sqkd/sqkd/build/SourcePackages/checkouts/FFmpegKit/Sources/libfreetype.xcframework/ios-arm64/libfreetype.framework (in target 'EmbyVision' from project 'EmbyVision')
    cd /Users/runner/work/sqkd/sqkd
    builtin-copy -exclude .DS_Store -exclude CVS -exclude .svn -exclude .git -exclude .hg -exclude Headers -exclude PrivateHeaders -exclude Modules -exclude \*.tbd -bitcode-strip all -bitcode-strip-tool /Applications/Xcode_16.2.app/Contents/Developer/Toolchains/XcodeDefault.xctoolchain/usr/bin/bitcode_strip -resolve-src-symlinks -remove-static-executable /Users/runner/work/sqkd/sqkd/build/SourcePackages/checkouts/FFmpegKit/Sources/libfreetype.xcframework/ios-arm64/libfreetype.framework /Users/runner/work/sqkd/sqkd/build/Build/Products/Release-iphoneos/EmbyVision.app/Frameworks
note: Injecting stub binary into codeless framework (in target 'EmbyVision' from project 'EmbyVision')
    /Applications/Xcode_16.2.app/Contents/Developer/Toolchains/XcodeDefault.xctoolchain/usr/bin/clang -isysroot /Applications/Xcode_16.2.app/Contents/Developer/Platforms/iPhoneOS.platform/Developer/SDKs/iPhoneOS18.2.sdk -x c -c /dev/null -target arm64-apple-ios13.0 -o /private/var/folders/g3/pffjr_y96bq06blnkf72x_hw0000gn/T/xcbuild.tmp.kZTzBuSu/Data.noindex/arm64-apple.o
    /Applications/Xcode_16.2.app/Contents/Developer/Toolchains/XcodeDefault.xctoolchain/usr/bin/clang -isysroot /Applications/Xcode_16.2.app/Contents/Developer/Platforms/iPhoneOS.platform/Developer/SDKs/iPhoneOS18.2.sdk -dynamiclib -Xlinker -adhoc_codesign -target arm64-apple-ios13.0 -o /private/var/folders/g3/pffjr_y96bq06blnkf72x_hw0000gn/T/xcbuild.tmp.kZTzBuSu/Data.noindex/arm64-apple /private/var/folders/g3/pffjr_y96bq06blnkf72x_hw0000gn/T/xcbuild.tmp.kZTzBuSu/Data.noindex/arm64-apple.o
    /Applications/Xcode_16.2.app/Contents/Developer/Toolchains/XcodeDefault.xctoolchain/usr/bin/lipo -create -output /Users/runner/work/sqkd/sqkd/build/Build/Products/Release-iphoneos/EmbyVision.app/Frameworks/libfreetype.framework/libfreetype /private/var/folders/g3/pffjr_y96bq06blnkf72x_hw0000gn/T/xcbuild.tmp.kZTzBuSu/Data.noindex/arm64-apple

Copy /Users/runner/work/sqkd/sqkd/build/Build/Products/Release-iphoneos/EmbyVision.app/Frameworks/libfontconfig.framework /Users/runner/work/sqkd/sqkd/build/SourcePackages/checkouts/FFmpegKit/Sources/libfontconfig.xcframework/ios-arm64/libfontconfig.framework (in target 'EmbyVision' from project 'EmbyVision')
    cd /Users/runner/work/sqkd/sqkd
    builtin-copy -exclude .DS_Store -exclude CVS -exclude .svn -exclude .git -exclude .hg -exclude Headers -exclude PrivateHeaders -exclude Modules -exclude \*.tbd -bitcode-strip all -bitcode-strip-tool /Applications/Xcode_16.2.app/Contents/Developer/Toolchains/XcodeDefault.xctoolchain/usr/bin/bitcode_strip -resolve-src-symlinks -remove-static-executable /Users/runner/work/sqkd/sqkd/build/SourcePackages/checkouts/FFmpegKit/Sources/libfontconfig.xcframework/ios-arm64/libfontconfig.framework /Users/runner/work/sqkd/sqkd/build/Build/Products/Release-iphoneos/EmbyVision.app/Frameworks
note: Injecting stub binary into codeless framework (in target 'EmbyVision' from project 'EmbyVision')
    /Applications/Xcode_16.2.app/Contents/Developer/Toolchains/XcodeDefault.xctoolchain/usr/bin/clang -isysroot /Applications/Xcode_16.2.app/Contents/Developer/Platforms/iPhoneOS.platform/Developer/SDKs/iPhoneOS18.2.sdk -x c -c /dev/null -target arm64-apple-ios13.0 -o /private/var/folders/g3/pffjr_y96bq06blnkf72x_hw0000gn/T/xcbuild.tmp.mDX33742/Data.noindex/arm64-apple.o
    /Applications/Xcode_16.2.app/Contents/Developer/Toolchains/XcodeDefault.xctoolchain/usr/bin/clang -isysroot /Applications/Xcode_16.2.app/Contents/Developer/Platforms/iPhoneOS.platform/Developer/SDKs/iPhoneOS18.2.sdk -dynamiclib -Xlinker -adhoc_codesign -target arm64-apple-ios13.0 -o /private/var/folders/g3/pffjr_y96bq06blnkf72x_hw0000gn/T/xcbuild.tmp.mDX33742/Data.noindex/arm64-apple /private/var/folders/g3/pffjr_y96bq06blnkf72x_hw0000gn/T/xcbuild.tmp.mDX33742/Data.noindex/arm64-apple.o
    /Applications/Xcode_16.2.app/Contents/Developer/Toolchains/XcodeDefault.xctoolchain/usr/bin/lipo -create -output /Users/runner/work/sqkd/sqkd/build/Build/Products/Release-iphoneos/EmbyVision.app/Frameworks/libfontconfig.framework/libfontconfig /private/var/folders/g3/pffjr_y96bq06blnkf72x_hw0000gn/T/xcbuild.tmp.mDX33742/Data.noindex/arm64-apple

Copy /Users/runner/work/sqkd/sqkd/build/Build/Products/Release-iphoneos/EmbyVision.app/Frameworks/libdav1d.framework /Users/runner/work/sqkd/sqkd/build/SourcePackages/checkouts/FFmpegKit/Sources/libdav1d.xcframework/ios-arm64/libdav1d.framework (in target 'EmbyVision' from project 'EmbyVision')
    cd /Users/runner/work/sqkd/sqkd
    builtin-copy -exclude .DS_Store -exclude CVS -exclude .svn -exclude .git -exclude .hg -exclude Headers -exclude PrivateHeaders -exclude Modules -exclude \*.tbd -bitcode-strip all -bitcode-strip-tool /Applications/Xcode_16.2.app/Contents/Developer/Toolchains/XcodeDefault.xctoolchain/usr/bin/bitcode_strip -resolve-src-symlinks -remove-static-executable /Users/runner/work/sqkd/sqkd/build/SourcePackages/checkouts/FFmpegKit/Sources/libdav1d.xcframework/ios-arm64/libdav1d.framework /Users/runner/work/sqkd/sqkd/build/Build/Products/Release-iphoneos/EmbyVision.app/Frameworks
note: Injecting stub binary into codeless framework (in target 'EmbyVision' from project 'EmbyVision')
    /Applications/Xcode_16.2.app/Contents/Developer/Toolchains/XcodeDefault.xctoolchain/usr/bin/clang -isysroot /Applications/Xcode_16.2.app/Contents/Developer/Platforms/iPhoneOS.platform/Developer/SDKs/iPhoneOS18.2.sdk -x c -c /dev/null -target arm64-apple-ios13.0 -o /private/var/folders/g3/pffjr_y96bq06blnkf72x_hw0000gn/T/xcbuild.tmp.doXBotC4/Data.noindex/arm64-apple.o
    /Applications/Xcode_16.2.app/Contents/Developer/Toolchains/XcodeDefault.xctoolchain/usr/bin/clang -isysroot /Applications/Xcode_16.2.app/Contents/Developer/Platforms/iPhoneOS.platform/Developer/SDKs/iPhoneOS18.2.sdk -dynamiclib -Xlinker -adhoc_codesign -target arm64-apple-ios13.0 -o /private/var/folders/g3/pffjr_y96bq06blnkf72x_hw0000gn/T/xcbuild.tmp.doXBotC4/Data.noindex/arm64-apple /private/var/folders/g3/pffjr_y96bq06blnkf72x_hw0000gn/T/xcbuild.tmp.doXBotC4/Data.noindex/arm64-apple.o
    /Applications/Xcode_16.2.app/Contents/Developer/Toolchains/XcodeDefault.xctoolchain/usr/bin/lipo -create -output /Users/runner/work/sqkd/sqkd/build/Build/Products/Release-iphoneos/EmbyVision.app/Frameworks/libdav1d.framework/libdav1d /private/var/folders/g3/pffjr_y96bq06blnkf72x_hw0000gn/T/xcbuild.tmp.doXBotC4/Data.noindex/arm64-apple

Copy /Users/runner/work/sqkd/sqkd/build/Build/Products/Release-iphoneos/EmbyVision.app/Frameworks/libass.framework /Users/runner/work/sqkd/sqkd/build/SourcePackages/checkouts/FFmpegKit/Sources/libass.xcframework/ios-arm64/libass.framework (in target 'EmbyVision' from project 'EmbyVision')
    cd /Users/runner/work/sqkd/sqkd
    builtin-copy -exclude .DS_Store -exclude CVS -exclude .svn -exclude .git -exclude .hg -exclude Headers -exclude PrivateHeaders -exclude Modules -exclude \*.tbd -bitcode-strip all -bitcode-strip-tool /Applications/Xcode_16.2.app/Contents/Developer/Toolchains/XcodeDefault.xctoolchain/usr/bin/bitcode_strip -resolve-src-symlinks -remove-static-executable /Users/runner/work/sqkd/sqkd/build/SourcePackages/checkouts/FFmpegKit/Sources/libass.xcframework/ios-arm64/libass.framework /Users/runner/work/sqkd/sqkd/build/Build/Products/Release-iphoneos/EmbyVision.app/Frameworks
note: Injecting stub binary into codeless framework (in target 'EmbyVision' from project 'EmbyVision')
    /Applications/Xcode_16.2.app/Contents/Developer/Toolchains/XcodeDefault.xctoolchain/usr/bin/clang -isysroot /Applications/Xcode_16.2.app/Contents/Developer/Platforms/iPhoneOS.platform/Developer/SDKs/iPhoneOS18.2.sdk -x c -c /dev/null -target arm64-apple-ios13.0 -o /private/var/folders/g3/pffjr_y96bq06blnkf72x_hw0000gn/T/xcbuild.tmp.BBT2hq4F/Data.noindex/arm64-apple.o
    /Applications/Xcode_16.2.app/Contents/Developer/Toolchains/XcodeDefault.xctoolchain/usr/bin/clang -isysroot /Applications/Xcode_16.2.app/Contents/Developer/Platforms/iPhoneOS.platform/Developer/SDKs/iPhoneOS18.2.sdk -dynamiclib -Xlinker -adhoc_codesign -target arm64-apple-ios13.0 -o /private/var/folders/g3/pffjr_y96bq06blnkf72x_hw0000gn/T/xcbuild.tmp.BBT2hq4F/Data.noindex/arm64-apple /private/var/folders/g3/pffjr_y96bq06blnkf72x_hw0000gn/T/xcbuild.tmp.BBT2hq4F/Data.noindex/arm64-apple.o
    /Applications/Xcode_16.2.app/Contents/Developer/Toolchains/XcodeDefault.xctoolchain/usr/bin/lipo -create -output /Users/runner/work/sqkd/sqkd/build/Build/Products/Release-iphoneos/EmbyVision.app/Frameworks/libass.framework/libass /private/var/folders/g3/pffjr_y96bq06blnkf72x_hw0000gn/T/xcbuild.tmp.BBT2hq4F/Data.noindex/arm64-apple

Copy /Users/runner/work/sqkd/sqkd/build/Build/Products/Release-iphoneos/EmbyVision.app/Frameworks/lcms2.framework /Users/runner/work/sqkd/sqkd/build/SourcePackages/checkouts/FFmpegKit/Sources/lcms2.xcframework/ios-arm64/lcms2.framework (in target 'EmbyVision' from project 'EmbyVision')
    cd /Users/runner/work/sqkd/sqkd
    builtin-copy -exclude .DS_Store -exclude CVS -exclude .svn -exclude .git -exclude .hg -exclude Headers -exclude PrivateHeaders -exclude Modules -exclude \*.tbd -bitcode-strip all -bitcode-strip-tool /Applications/Xcode_16.2.app/Contents/Developer/Toolchains/XcodeDefault.xctoolchain/usr/bin/bitcode_strip -resolve-src-symlinks -remove-static-executable /Users/runner/work/sqkd/sqkd/build/SourcePackages/checkouts/FFmpegKit/Sources/lcms2.xcframework/ios-arm64/lcms2.framework /Users/runner/work/sqkd/sqkd/build/Build/Products/Release-iphoneos/EmbyVision.app/Frameworks
note: Injecting stub binary into codeless framework (in target 'EmbyVision' from project 'EmbyVision')
    /Applications/Xcode_16.2.app/Contents/Developer/Toolchains/XcodeDefault.xctoolchain/usr/bin/clang -isysroot /Applications/Xcode_16.2.app/Contents/Developer/Platforms/iPhoneOS.platform/Developer/SDKs/iPhoneOS18.2.sdk -x c -c /dev/null -target arm64-apple-ios13.0 -o /private/var/folders/g3/pffjr_y96bq06blnkf72x_hw0000gn/T/xcbuild.tmp.WwQ7l9xP/Data.noindex/arm64-apple.o
    /Applications/Xcode_16.2.app/Contents/Developer/Toolchains/XcodeDefault.xctoolchain/usr/bin/clang -isysroot /Applications/Xcode_16.2.app/Contents/Developer/Platforms/iPhoneOS.platform/Developer/SDKs/iPhoneOS18.2.sdk -dynamiclib -Xlinker -adhoc_codesign -target arm64-apple-ios13.0 -o /private/var/folders/g3/pffjr_y96bq06blnkf72x_hw0000gn/T/xcbuild.tmp.WwQ7l9xP/Data.noindex/arm64-apple /private/var/folders/g3/pffjr_y96bq06blnkf72x_hw0000gn/T/xcbuild.tmp.WwQ7l9xP/Data.noindex/arm64-apple.o
    /Applications/Xcode_16.2.app/Contents/Developer/Toolchains/XcodeDefault.xctoolchain/usr/bin/lipo -create -output /Users/runner/work/sqkd/sqkd/build/Build/Products/Release-iphoneos/EmbyVision.app/Frameworks/lcms2.framework/lcms2 /private/var/folders/g3/pffjr_y96bq06blnkf72x_hw0000gn/T/xcbuild.tmp.WwQ7l9xP/Data.noindex/arm64-apple

Copy /Users/runner/work/sqkd/sqkd/build/Build/Products/Release-iphoneos/EmbyVision.app/Frameworks/hogweed.framework /Users/runner/work/sqkd/sqkd/build/SourcePackages/checkouts/FFmpegKit/Sources/hogweed.xcframework/ios-arm64/hogweed.framework (in target 'EmbyVision' from project 'EmbyVision')
    cd /Users/runner/work/sqkd/sqkd
    builtin-copy -exclude .DS_Store -exclude CVS -exclude .svn -exclude .git -exclude .hg -exclude Headers -exclude PrivateHeaders -exclude Modules -exclude \*.tbd -bitcode-strip all -bitcode-strip-tool /Applications/Xcode_16.2.app/Contents/Developer/Toolchains/XcodeDefault.xctoolchain/usr/bin/bitcode_strip -resolve-src-symlinks -remove-static-executable /Users/runner/work/sqkd/sqkd/build/SourcePackages/checkouts/FFmpegKit/Sources/hogweed.xcframework/ios-arm64/hogweed.framework /Users/runner/work/sqkd/sqkd/build/Build/Products/Release-iphoneos/EmbyVision.app/Frameworks
note: Injecting stub binary into codeless framework (in target 'EmbyVision' from project 'EmbyVision')
    /Applications/Xcode_16.2.app/Contents/Developer/Toolchains/XcodeDefault.xctoolchain/usr/bin/clang -isysroot /Applications/Xcode_16.2.app/Contents/Developer/Platforms/iPhoneOS.platform/Developer/SDKs/iPhoneOS18.2.sdk -x c -c /dev/null -target arm64-apple-ios13.0 -o /private/var/folders/g3/pffjr_y96bq06blnkf72x_hw0000gn/T/xcbuild.tmp.g9vPM2gN/Data.noindex/arm64-apple.o
    /Applications/Xcode_16.2.app/Contents/Developer/Toolchains/XcodeDefault.xctoolchain/usr/bin/clang -isysroot /Applications/Xcode_16.2.app/Contents/Developer/Platforms/iPhoneOS.platform/Developer/SDKs/iPhoneOS18.2.sdk -dynamiclib -Xlinker -adhoc_codesign -target arm64-apple-ios13.0 -o /private/var/folders/g3/pffjr_y96bq06blnkf72x_hw0000gn/T/xcbuild.tmp.g9vPM2gN/Data.noindex/arm64-apple /private/var/folders/g3/pffjr_y96bq06blnkf72x_hw0000gn/T/xcbuild.tmp.g9vPM2gN/Data.noindex/arm64-apple.o
    /Applications/Xcode_16.2.app/Contents/Developer/Toolchains/XcodeDefault.xctoolchain/usr/bin/lipo -create -output /Users/runner/work/sqkd/sqkd/build/Build/Products/Release-iphoneos/EmbyVision.app/Frameworks/hogweed.framework/hogweed /private/var/folders/g3/pffjr_y96bq06blnkf72x_hw0000gn/T/xcbuild.tmp.g9vPM2gN/Data.noindex/arm64-apple

Copy /Users/runner/work/sqkd/sqkd/build/Build/Products/Release-iphoneos/EmbyVision.app/Frameworks/gnutls.framework /Users/runner/work/sqkd/sqkd/build/SourcePackages/checkouts/FFmpegKit/Sources/gnutls.xcframework/ios-arm64/gnutls.framework (in target 'EmbyVision' from project 'EmbyVision')
    cd /Users/runner/work/sqkd/sqkd
    builtin-copy -exclude .DS_Store -exclude CVS -exclude .svn -exclude .git -exclude .hg -exclude Headers -exclude PrivateHeaders -exclude Modules -exclude \*.tbd -bitcode-strip all -bitcode-strip-tool /Applications/Xcode_16.2.app/Contents/Developer/Toolchains/XcodeDefault.xctoolchain/usr/bin/bitcode_strip -resolve-src-symlinks -remove-static-executable /Users/runner/work/sqkd/sqkd/build/SourcePackages/checkouts/FFmpegKit/Sources/gnutls.xcframework/ios-arm64/gnutls.framework /Users/runner/work/sqkd/sqkd/build/Build/Products/Release-iphoneos/EmbyVision.app/Frameworks
note: Injecting stub binary into codeless framework (in target 'EmbyVision' from project 'EmbyVision')
    /Applications/Xcode_16.2.app/Contents/Developer/Toolchains/XcodeDefault.xctoolchain/usr/bin/clang -isysroot /Applications/Xcode_16.2.app/Contents/Developer/Platforms/iPhoneOS.platform/Developer/SDKs/iPhoneOS18.2.sdk -x c -c /dev/null -target arm64-apple-ios13.0 -o /private/var/folders/g3/pffjr_y96bq06blnkf72x_hw0000gn/T/xcbuild.tmp.uOgdnxS6/Data.noindex/arm64-apple.o
    /Applications/Xcode_16.2.app/Contents/Developer/Toolchains/XcodeDefault.xctoolchain/usr/bin/clang -isysroot /Applications/Xcode_16.2.app/Contents/Developer/Platforms/iPhoneOS.platform/Developer/SDKs/iPhoneOS18.2.sdk -dynamiclib -Xlinker -adhoc_codesign -target arm64-apple-ios13.0 -o /private/var/folders/g3/pffjr_y96bq06blnkf72x_hw0000gn/T/xcbuild.tmp.uOgdnxS6/Data.noindex/arm64-apple /private/var/folders/g3/pffjr_y96bq06blnkf72x_hw0000gn/T/xcbuild.tmp.uOgdnxS6/Data.noindex/arm64-apple.o
    /Applications/Xcode_16.2.app/Contents/Developer/Toolchains/XcodeDefault.xctoolchain/usr/bin/lipo -create -output /Users/runner/work/sqkd/sqkd/build/Build/Products/Release-iphoneos/EmbyVision.app/Frameworks/gnutls.framework/gnutls /private/var/folders/g3/pffjr_y96bq06blnkf72x_hw0000gn/T/xcbuild.tmp.uOgdnxS6/Data.noindex/arm64-apple

Copy /Users/runner/work/sqkd/sqkd/build/Build/Products/Release-iphoneos/EmbyVision.app/Frameworks/gmp.framework /Users/runner/work/sqkd/sqkd/build/SourcePackages/checkouts/FFmpegKit/Sources/gmp.xcframework/ios-arm64/gmp.framework (in target 'EmbyVision' from project 'EmbyVision')
    cd /Users/runner/work/sqkd/sqkd
    builtin-copy -exclude .DS_Store -exclude CVS -exclude .svn -exclude .git -exclude .hg -exclude Headers -exclude PrivateHeaders -exclude Modules -exclude \*.tbd -bitcode-strip all -bitcode-strip-tool /Applications/Xcode_16.2.app/Contents/Developer/Toolchains/XcodeDefault.xctoolchain/usr/bin/bitcode_strip -resolve-src-symlinks -remove-static-executable /Users/runner/work/sqkd/sqkd/build/SourcePackages/checkouts/FFmpegKit/Sources/gmp.xcframework/ios-arm64/gmp.framework /Users/runner/work/sqkd/sqkd/build/Build/Products/Release-iphoneos/EmbyVision.app/Frameworks
note: Injecting stub binary into codeless framework (in target 'EmbyVision' from project 'EmbyVision')
    /Applications/Xcode_16.2.app/Contents/Developer/Toolchains/XcodeDefault.xctoolchain/usr/bin/clang -isysroot /Applications/Xcode_16.2.app/Contents/Developer/Platforms/iPhoneOS.platform/Developer/SDKs/iPhoneOS18.2.sdk -x c -c /dev/null -target arm64-apple-ios13.0 -o /private/var/folders/g3/pffjr_y96bq06blnkf72x_hw0000gn/T/xcbuild.tmp.HgoZcqCB/Data.noindex/arm64-apple.o
    /Applications/Xcode_16.2.app/Contents/Developer/Toolchains/XcodeDefault.xctoolchain/usr/bin/clang -isysroot /Applications/Xcode_16.2.app/Contents/Developer/Platforms/iPhoneOS.platform/Developer/SDKs/iPhoneOS18.2.sdk -dynamiclib -Xlinker -adhoc_codesign -target arm64-apple-ios13.0 -o /private/var/folders/g3/pffjr_y96bq06blnkf72x_hw0000gn/T/xcbuild.tmp.HgoZcqCB/Data.noindex/arm64-apple /private/var/folders/g3/pffjr_y96bq06blnkf72x_hw0000gn/T/xcbuild.tmp.HgoZcqCB/Data.noindex/arm64-apple.o
    /Applications/Xcode_16.2.app/Contents/Developer/Toolchains/XcodeDefault.xctoolchain/usr/bin/lipo -create -output /Users/runner/work/sqkd/sqkd/build/Build/Products/Release-iphoneos/EmbyVision.app/Frameworks/gmp.framework/gmp /private/var/folders/g3/pffjr_y96bq06blnkf72x_hw0000gn/T/xcbuild.tmp.HgoZcqCB/Data.noindex/arm64-apple

Copy /Users/runner/work/sqkd/sqkd/build/Build/Products/Release-iphoneos/EmbyVision.app/Frameworks/Libswscale.framework /Users/runner/work/sqkd/sqkd/build/SourcePackages/checkouts/FFmpegKit/Sources/Libswscale.xcframework/ios-arm64/Libswscale.framework (in target 'EmbyVision' from project 'EmbyVision')
    cd /Users/runner/work/sqkd/sqkd
    builtin-copy -exclude .DS_Store -exclude CVS -exclude .svn -exclude .git -exclude .hg -exclude Headers -exclude PrivateHeaders -exclude Modules -exclude \*.tbd -bitcode-strip all -bitcode-strip-tool /Applications/Xcode_16.2.app/Contents/Developer/Toolchains/XcodeDefault.xctoolchain/usr/bin/bitcode_strip -resolve-src-symlinks -remove-static-executable /Users/runner/work/sqkd/sqkd/build/SourcePackages/checkouts/FFmpegKit/Sources/Libswscale.xcframework/ios-arm64/Libswscale.framework /Users/runner/work/sqkd/sqkd/build/Build/Products/Release-iphoneos/EmbyVision.app/Frameworks
note: Injecting stub binary into codeless framework (in target 'EmbyVision' from project 'EmbyVision')
    /Applications/Xcode_16.2.app/Contents/Developer/Toolchains/XcodeDefault.xctoolchain/usr/bin/clang -isysroot /Applications/Xcode_16.2.app/Contents/Developer/Platforms/iPhoneOS.platform/Developer/SDKs/iPhoneOS18.2.sdk -x c -c /dev/null -target arm64-apple-ios13.0 -o /private/var/folders/g3/pffjr_y96bq06blnkf72x_hw0000gn/T/xcbuild.tmp.xQC9gf7k/Data.noindex/arm64-apple.o
    /Applications/Xcode_16.2.app/Contents/Developer/Toolchains/XcodeDefault.xctoolchain/usr/bin/clang -isysroot /Applications/Xcode_16.2.app/Contents/Developer/Platforms/iPhoneOS.platform/Developer/SDKs/iPhoneOS18.2.sdk -dynamiclib -Xlinker -adhoc_codesign -target arm64-apple-ios13.0 -o /private/var/folders/g3/pffjr_y96bq06blnkf72x_hw0000gn/T/xcbuild.tmp.xQC9gf7k/Data.noindex/arm64-apple /private/var/folders/g3/pffjr_y96bq06blnkf72x_hw0000gn/T/xcbuild.tmp.xQC9gf7k/Data.noindex/arm64-apple.o
    /Applications/Xcode_16.2.app/Contents/Developer/Toolchains/XcodeDefault.xctoolchain/usr/bin/lipo -create -output /Users/runner/work/sqkd/sqkd/build/Build/Products/Release-iphoneos/EmbyVision.app/Frameworks/Libswscale.framework/Libswscale /private/var/folders/g3/pffjr_y96bq06blnkf72x_hw0000gn/T/xcbuild.tmp.xQC9gf7k/Data.noindex/arm64-apple

Copy /Users/runner/work/sqkd/sqkd/build/Build/Products/Release-iphoneos/EmbyVision.app/Frameworks/Libswresample.framework /Users/runner/work/sqkd/sqkd/build/SourcePackages/checkouts/FFmpegKit/Sources/Libswresample.xcframework/ios-arm64/Libswresample.framework (in target 'EmbyVision' from project 'EmbyVision')
    cd /Users/runner/work/sqkd/sqkd
    builtin-copy -exclude .DS_Store -exclude CVS -exclude .svn -exclude .git -exclude .hg -exclude Headers -exclude PrivateHeaders -exclude Modules -exclude \*.tbd -bitcode-strip all -bitcode-strip-tool /Applications/Xcode_16.2.app/Contents/Developer/Toolchains/XcodeDefault.xctoolchain/usr/bin/bitcode_strip -resolve-src-symlinks -remove-static-executable /Users/runner/work/sqkd/sqkd/build/SourcePackages/checkouts/FFmpegKit/Sources/Libswresample.xcframework/ios-arm64/Libswresample.framework /Users/runner/work/sqkd/sqkd/build/Build/Products/Release-iphoneos/EmbyVision.app/Frameworks
note: Injecting stub binary into codeless framework (in target 'EmbyVision' from project 'EmbyVision')
    /Applications/Xcode_16.2.app/Contents/Developer/Toolchains/XcodeDefault.xctoolchain/usr/bin/clang -isysroot /Applications/Xcode_16.2.app/Contents/Developer/Platforms/iPhoneOS.platform/Developer/SDKs/iPhoneOS18.2.sdk -x c -c /dev/null -target arm64-apple-ios13.0 -o /private/var/folders/g3/pffjr_y96bq06blnkf72x_hw0000gn/T/xcbuild.tmp.dSoIF41O/Data.noindex/arm64-apple.o
    /Applications/Xcode_16.2.app/Contents/Developer/Toolchains/XcodeDefault.xctoolchain/usr/bin/clang -isysroot /Applications/Xcode_16.2.app/Contents/Developer/Platforms/iPhoneOS.platform/Developer/SDKs/iPhoneOS18.2.sdk -dynamiclib -Xlinker -adhoc_codesign -target arm64-apple-ios13.0 -o /private/var/folders/g3/pffjr_y96bq06blnkf72x_hw0000gn/T/xcbuild.tmp.dSoIF41O/Data.noindex/arm64-apple /private/var/folders/g3/pffjr_y96bq06blnkf72x_hw0000gn/T/xcbuild.tmp.dSoIF41O/Data.noindex/arm64-apple.o
    /Applications/Xcode_16.2.app/Contents/Developer/Toolchains/XcodeDefault.xctoolchain/usr/bin/lipo -create -output /Users/runner/work/sqkd/sqkd/build/Build/Products/Release-iphoneos/EmbyVision.app/Frameworks/Libswresample.framework/Libswresample /private/var/folders/g3/pffjr_y96bq06blnkf72x_hw0000gn/T/xcbuild.tmp.dSoIF41O/Data.noindex/arm64-apple

Copy /Users/runner/work/sqkd/sqkd/build/Build/Products/Release-iphoneos/EmbyVision.app/Frameworks/Libavutil.framework /Users/runner/work/sqkd/sqkd/build/SourcePackages/checkouts/FFmpegKit/Sources/Libavutil.xcframework/ios-arm64/Libavutil.framework (in target 'EmbyVision' from project 'EmbyVision')
    cd /Users/runner/work/sqkd/sqkd
    builtin-copy -exclude .DS_Store -exclude CVS -exclude .svn -exclude .git -exclude .hg -exclude Headers -exclude PrivateHeaders -exclude Modules -exclude \*.tbd -bitcode-strip all -bitcode-strip-tool /Applications/Xcode_16.2.app/Contents/Developer/Toolchains/XcodeDefault.xctoolchain/usr/bin/bitcode_strip -resolve-src-symlinks -remove-static-executable /Users/runner/work/sqkd/sqkd/build/SourcePackages/checkouts/FFmpegKit/Sources/Libavutil.xcframework/ios-arm64/Libavutil.framework /Users/runner/work/sqkd/sqkd/build/Build/Products/Release-iphoneos/EmbyVision.app/Frameworks
note: Injecting stub binary into codeless framework (in target 'EmbyVision' from project 'EmbyVision')
    /Applications/Xcode_16.2.app/Contents/Developer/Toolchains/XcodeDefault.xctoolchain/usr/bin/clang -isysroot /Applications/Xcode_16.2.app/Contents/Developer/Platforms/iPhoneOS.platform/Developer/SDKs/iPhoneOS18.2.sdk -x c -c /dev/null -target arm64-apple-ios13.0 -o /private/var/folders/g3/pffjr_y96bq06blnkf72x_hw0000gn/T/xcbuild.tmp.tLhSohL4/Data.noindex/arm64-apple.o
    /Applications/Xcode_16.2.app/Contents/Developer/Toolchains/XcodeDefault.xctoolchain/usr/bin/clang -isysroot /Applications/Xcode_16.2.app/Contents/Developer/Platforms/iPhoneOS.platform/Developer/SDKs/iPhoneOS18.2.sdk -dynamiclib -Xlinker -adhoc_codesign -target arm64-apple-ios13.0 -o /private/var/folders/g3/pffjr_y96bq06blnkf72x_hw0000gn/T/xcbuild.tmp.tLhSohL4/Data.noindex/arm64-apple /private/var/folders/g3/pffjr_y96bq06blnkf72x_hw0000gn/T/xcbuild.tmp.tLhSohL4/Data.noindex/arm64-apple.o
    /Applications/Xcode_16.2.app/Contents/Developer/Toolchains/XcodeDefault.xctoolchain/usr/bin/lipo -create -output /Users/runner/work/sqkd/sqkd/build/Build/Products/Release-iphoneos/EmbyVision.app/Frameworks/Libavutil.framework/Libavutil /private/var/folders/g3/pffjr_y96bq06blnkf72x_hw0000gn/T/xcbuild.tmp.tLhSohL4/Data.noindex/arm64-apple

Copy /Users/runner/work/sqkd/sqkd/build/Build/Products/Release-iphoneos/EmbyVision.app/Frameworks/Libavformat.framework /Users/runner/work/sqkd/sqkd/build/SourcePackages/checkouts/FFmpegKit/Sources/Libavformat.xcframework/ios-arm64/Libavformat.framework (in target 'EmbyVision' from project 'EmbyVision')
    cd /Users/runner/work/sqkd/sqkd
    builtin-copy -exclude .DS_Store -exclude CVS -exclude .svn -exclude .git -exclude .hg -exclude Headers -exclude PrivateHeaders -exclude Modules -exclude \*.tbd -bitcode-strip all -bitcode-strip-tool /Applications/Xcode_16.2.app/Contents/Developer/Toolchains/XcodeDefault.xctoolchain/usr/bin/bitcode_strip -resolve-src-symlinks -remove-static-executable /Users/runner/work/sqkd/sqkd/build/SourcePackages/checkouts/FFmpegKit/Sources/Libavformat.xcframework/ios-arm64/Libavformat.framework /Users/runner/work/sqkd/sqkd/build/Build/Products/Release-iphoneos/EmbyVision.app/Frameworks
note: Injecting stub binary into codeless framework (in target 'EmbyVision' from project 'EmbyVision')
    /Applications/Xcode_16.2.app/Contents/Developer/Toolchains/XcodeDefault.xctoolchain/usr/bin/clang -isysroot /Applications/Xcode_16.2.app/Contents/Developer/Platforms/iPhoneOS.platform/Developer/SDKs/iPhoneOS18.2.sdk -x c -c /dev/null -target arm64-apple-ios13.0 -o /private/var/folders/g3/pffjr_y96bq06blnkf72x_hw0000gn/T/xcbuild.tmp.x3BRiszx/Data.noindex/arm64-apple.o
    /Applications/Xcode_16.2.app/Contents/Developer/Toolchains/XcodeDefault.xctoolchain/usr/bin/clang -isysroot /Applications/Xcode_16.2.app/Contents/Developer/Platforms/iPhoneOS.platform/Developer/SDKs/iPhoneOS18.2.sdk -dynamiclib -Xlinker -adhoc_codesign -target arm64-apple-ios13.0 -o /private/var/folders/g3/pffjr_y96bq06blnkf72x_hw0000gn/T/xcbuild.tmp.x3BRiszx/Data.noindex/arm64-apple /private/var/folders/g3/pffjr_y96bq06blnkf72x_hw0000gn/T/xcbuild.tmp.x3BRiszx/Data.noindex/arm64-apple.o
    /Applications/Xcode_16.2.app/Contents/Developer/Toolchains/XcodeDefault.xctoolchain/usr/bin/lipo -create -output /Users/runner/work/sqkd/sqkd/build/Build/Products/Release-iphoneos/EmbyVision.app/Frameworks/Libavformat.framework/Libavformat /private/var/folders/g3/pffjr_y96bq06blnkf72x_hw0000gn/T/xcbuild.tmp.x3BRiszx/Data.noindex/arm64-apple

Copy /Users/runner/work/sqkd/sqkd/build/Build/Products/Release-iphoneos/EmbyVision.app/Frameworks/Libavfilter.framework /Users/runner/work/sqkd/sqkd/build/SourcePackages/checkouts/FFmpegKit/Sources/Libavfilter.xcframework/ios-arm64/Libavfilter.framework (in target 'EmbyVision' from project 'EmbyVision')
    cd /Users/runner/work/sqkd/sqkd
    builtin-copy -exclude .DS_Store -exclude CVS -exclude .svn -exclude .git -exclude .hg -exclude Headers -exclude PrivateHeaders -exclude Modules -exclude \*.tbd -bitcode-strip all -bitcode-strip-tool /Applications/Xcode_16.2.app/Contents/Developer/Toolchains/XcodeDefault.xctoolchain/usr/bin/bitcode_strip -resolve-src-symlinks -remove-static-executable /Users/runner/work/sqkd/sqkd/build/SourcePackages/checkouts/FFmpegKit/Sources/Libavfilter.xcframework/ios-arm64/Libavfilter.framework /Users/runner/work/sqkd/sqkd/build/Build/Products/Release-iphoneos/EmbyVision.app/Frameworks
note: Injecting stub binary into codeless framework (in target 'EmbyVision' from project 'EmbyVision')
    /Applications/Xcode_16.2.app/Contents/Developer/Toolchains/XcodeDefault.xctoolchain/usr/bin/clang -isysroot /Applications/Xcode_16.2.app/Contents/Developer/Platforms/iPhoneOS.platform/Developer/SDKs/iPhoneOS18.2.sdk -x c -c /dev/null -target arm64-apple-ios13.0 -o /private/var/folders/g3/pffjr_y96bq06blnkf72x_hw0000gn/T/xcbuild.tmp.6Fm8xguq/Data.noindex/arm64-apple.o
    /Applications/Xcode_16.2.app/Contents/Developer/Toolchains/XcodeDefault.xctoolchain/usr/bin/clang -isysroot /Applications/Xcode_16.2.app/Contents/Developer/Platforms/iPhoneOS.platform/Developer/SDKs/iPhoneOS18.2.sdk -dynamiclib -Xlinker -adhoc_codesign -target arm64-apple-ios13.0 -o /private/var/folders/g3/pffjr_y96bq06blnkf72x_hw0000gn/T/xcbuild.tmp.6Fm8xguq/Data.noindex/arm64-apple /private/var/folders/g3/pffjr_y96bq06blnkf72x_hw0000gn/T/xcbuild.tmp.6Fm8xguq/Data.noindex/arm64-apple.o
    /Applications/Xcode_16.2.app/Contents/Developer/Toolchains/XcodeDefault.xctoolchain/usr/bin/lipo -create -output /Users/runner/work/sqkd/sqkd/build/Build/Products/Release-iphoneos/EmbyVision.app/Frameworks/Libavfilter.framework/Libavfilter /private/var/folders/g3/pffjr_y96bq06blnkf72x_hw0000gn/T/xcbuild.tmp.6Fm8xguq/Data.noindex/arm64-apple

Copy /Users/runner/work/sqkd/sqkd/build/Build/Products/Release-iphoneos/EmbyVision.app/Frameworks/Libavdevice.framework /Users/runner/work/sqkd/sqkd/build/SourcePackages/checkouts/FFmpegKit/Sources/Libavdevice.xcframework/ios-arm64/Libavdevice.framework (in target 'EmbyVision' from project 'EmbyVision')
    cd /Users/runner/work/sqkd/sqkd
    builtin-copy -exclude .DS_Store -exclude CVS -exclude .svn -exclude .git -exclude .hg -exclude Headers -exclude PrivateHeaders -exclude Modules -exclude \*.tbd -bitcode-strip all -bitcode-strip-tool /Applications/Xcode_16.2.app/Contents/Developer/Toolchains/XcodeDefault.xctoolchain/usr/bin/bitcode_strip -resolve-src-symlinks -remove-static-executable /Users/runner/work/sqkd/sqkd/build/SourcePackages/checkouts/FFmpegKit/Sources/Libavdevice.xcframework/ios-arm64/Libavdevice.framework /Users/runner/work/sqkd/sqkd/build/Build/Products/Release-iphoneos/EmbyVision.app/Frameworks
note: Injecting stub binary into codeless framework (in target 'EmbyVision' from project 'EmbyVision')
    /Applications/Xcode_16.2.app/Contents/Developer/Toolchains/XcodeDefault.xctoolchain/usr/bin/clang -isysroot /Applications/Xcode_16.2.app/Contents/Developer/Platforms/iPhoneOS.platform/Developer/SDKs/iPhoneOS18.2.sdk -x c -c /dev/null -target arm64-apple-ios13.0 -o /private/var/folders/g3/pffjr_y96bq06blnkf72x_hw0000gn/T/xcbuild.tmp.DfzBf4v4/Data.noindex/arm64-apple.o
    /Applications/Xcode_16.2.app/Contents/Developer/Toolchains/XcodeDefault.xctoolchain/usr/bin/clang -isysroot /Applications/Xcode_16.2.app/Contents/Developer/Platforms/iPhoneOS.platform/Developer/SDKs/iPhoneOS18.2.sdk -dynamiclib -Xlinker -adhoc_codesign -target arm64-apple-ios13.0 -o /private/var/folders/g3/pffjr_y96bq06blnkf72x_hw0000gn/T/xcbuild.tmp.DfzBf4v4/Data.noindex/arm64-apple /private/var/folders/g3/pffjr_y96bq06blnkf72x_hw0000gn/T/xcbuild.tmp.DfzBf4v4/Data.noindex/arm64-apple.o
    /Applications/Xcode_16.2.app/Contents/Developer/Toolchains/XcodeDefault.xctoolchain/usr/bin/lipo -create -output /Users/runner/work/sqkd/sqkd/build/Build/Products/Release-iphoneos/EmbyVision.app/Frameworks/Libavdevice.framework/Libavdevice /private/var/folders/g3/pffjr_y96bq06blnkf72x_hw0000gn/T/xcbuild.tmp.DfzBf4v4/Data.noindex/arm64-apple

Copy /Users/runner/work/sqkd/sqkd/build/Build/Products/Release-iphoneos/EmbyVision.app/Frameworks/Libavcodec.framework /Users/runner/work/sqkd/sqkd/build/SourcePackages/checkouts/FFmpegKit/Sources/Libavcodec.xcframework/ios-arm64/Libavcodec.framework (in target 'EmbyVision' from project 'EmbyVision')
    cd /Users/runner/work/sqkd/sqkd
    builtin-copy -exclude .DS_Store -exclude CVS -exclude .svn -exclude .git -exclude .hg -exclude Headers -exclude PrivateHeaders -exclude Modules -exclude \*.tbd -bitcode-strip all -bitcode-strip-tool /Applications/Xcode_16.2.app/Contents/Developer/Toolchains/XcodeDefault.xctoolchain/usr/bin/bitcode_strip -resolve-src-symlinks -remove-static-executable /Users/runner/work/sqkd/sqkd/build/SourcePackages/checkouts/FFmpegKit/Sources/Libavcodec.xcframework/ios-arm64/Libavcodec.framework /Users/runner/work/sqkd/sqkd/build/Build/Products/Release-iphoneos/EmbyVision.app/Frameworks
note: Injecting stub binary into codeless framework (in target 'EmbyVision' from project 'EmbyVision')
    /Applications/Xcode_16.2.app/Contents/Developer/Toolchains/XcodeDefault.xctoolchain/usr/bin/clang -isysroot /Applications/Xcode_16.2.app/Contents/Developer/Platforms/iPhoneOS.platform/Developer/SDKs/iPhoneOS18.2.sdk -x c -c /dev/null -target arm64-apple-ios13.0 -o /private/var/folders/g3/pffjr_y96bq06blnkf72x_hw0000gn/T/xcbuild.tmp.NkJ0EZBF/Data.noindex/arm64-apple.o
    /Applications/Xcode_16.2.app/Contents/Developer/Toolchains/XcodeDefault.xctoolchain/usr/bin/clang -isysroot /Applications/Xcode_16.2.app/Contents/Developer/Platforms/iPhoneOS.platform/Developer/SDKs/iPhoneOS18.2.sdk -dynamiclib -Xlinker -adhoc_codesign -target arm64-apple-ios13.0 -o /private/var/folders/g3/pffjr_y96bq06blnkf72x_hw0000gn/T/xcbuild.tmp.NkJ0EZBF/Data.noindex/arm64-apple /private/var/folders/g3/pffjr_y96bq06blnkf72x_hw0000gn/T/xcbuild.tmp.NkJ0EZBF/Data.noindex/arm64-apple.o
    /Applications/Xcode_16.2.app/Contents/Developer/Toolchains/XcodeDefault.xctoolchain/usr/bin/lipo -create -output /Users/runner/work/sqkd/sqkd/build/Build/Products/Release-iphoneos/EmbyVision.app/Frameworks/Libavcodec.framework/Libavcodec /private/var/folders/g3/pffjr_y96bq06blnkf72x_hw0000gn/T/xcbuild.tmp.NkJ0EZBF/Data.noindex/arm64-apple

CodeSign /Users/runner/work/sqkd/sqkd/build/Build/Products/Release-iphoneos/EmbyVision.app/Frameworks/nettle.framework (in target 'EmbyVision' from project 'EmbyVision')
    cd /Users/runner/work/sqkd/sqkd
    
    Signing Identity:     "Sign to Run Locally"
    
    /usr/bin/codesign --force --sign - --timestamp\=none --preserve-metadata\=identifier,entitlements,flags --generate-entitlement-der /Users/runner/work/sqkd/sqkd/build/Build/Products/Release-iphoneos/EmbyVision.app/Frameworks/nettle.framework
/Users/runner/work/sqkd/sqkd/build/Build/Products/Release-iphoneos/EmbyVision.app/Frameworks/nettle.framework: replacing existing signature

CodeSign /Users/runner/work/sqkd/sqkd/build/Build/Products/Release-iphoneos/EmbyVision.app/Frameworks/libzvbi.framework (in target 'EmbyVision' from project 'EmbyVision')
    cd /Users/runner/work/sqkd/sqkd
    
    Signing Identity:     "Sign to Run Locally"
    
    /usr/bin/codesign --force --sign - --timestamp\=none --preserve-metadata\=identifier,entitlements,flags --generate-entitlement-der /Users/runner/work/sqkd/sqkd/build/Build/Products/Release-iphoneos/EmbyVision.app/Frameworks/libzvbi.framework
/Users/runner/work/sqkd/sqkd/build/Build/Products/Release-iphoneos/EmbyVision.app/Frameworks/libzvbi.framework: replacing existing signature

CodeSign /Users/runner/work/sqkd/sqkd/build/Build/Products/Release-iphoneos/EmbyVision.app/Frameworks/libsrt.framework (in target 'EmbyVision' from project 'EmbyVision')
    cd /Users/runner/work/sqkd/sqkd
    
    Signing Identity:     "Sign to Run Locally"
    
    /usr/bin/codesign --force --sign - --timestamp\=none --preserve-metadata\=identifier,entitlements,flags --generate-entitlement-der /Users/runner/work/sqkd/sqkd/build/Build/Products/Release-iphoneos/EmbyVision.app/Frameworks/libsrt.framework
/Users/runner/work/sqkd/sqkd/build/Build/Products/Release-iphoneos/EmbyVision.app/Frameworks/libsrt.framework: replacing existing signature

CodeSign /Users/runner/work/sqkd/sqkd/build/Build/Products/Release-iphoneos/EmbyVision.app/Frameworks/libsmbclient.framework (in target 'EmbyVision' from project 'EmbyVision')
    cd /Users/runner/work/sqkd/sqkd
    
    Signing Identity:     "Sign to Run Locally"
    
    /usr/bin/codesign --force --sign - --timestamp\=none --preserve-metadata\=identifier,entitlements,flags --generate-entitlement-der /Users/runner/work/sqkd/sqkd/build/Build/Products/Release-iphoneos/EmbyVision.app/Frameworks/libsmbclient.framework
/Users/runner/work/sqkd/sqkd/build/Build/Products/Release-iphoneos/EmbyVision.app/Frameworks/libsmbclient.framework: replacing existing signature

CodeSign /Users/runner/work/sqkd/sqkd/build/Build/Products/Release-iphoneos/EmbyVision.app/Frameworks/libshaderc_combined.framework (in target 'EmbyVision' from project 'EmbyVision')
    cd /Users/runner/work/sqkd/sqkd
    
    Signing Identity:     "Sign to Run Locally"
    
    /usr/bin/codesign --force --sign - --timestamp\=none --preserve-metadata\=identifier,entitlements,flags --generate-entitlement-der /Users/runner/work/sqkd/sqkd/build/Build/Products/Release-iphoneos/EmbyVision.app/Frameworks/libshaderc_combined.framework
/Users/runner/work/sqkd/sqkd/build/Build/Products/Release-iphoneos/EmbyVision.app/Frameworks/libshaderc_combined.framework: replacing existing signature

ProcessInfoPlistFile /Users/runner/work/sqkd/sqkd/build/Build/Products/Release-iphoneos/EmbyVision.app/Info.plist /Users/runner/work/sqkd/sqkd/EmbyVision/Resources/Info.plist (in target 'EmbyVision' from project 'EmbyVision')
    cd /Users/runner/work/sqkd/sqkd
    builtin-infoPlistUtility /Users/runner/work/sqkd/sqkd/EmbyVision/Resources/Info.plist -producttype com.apple.product-type.application -genpkginfo /Users/runner/work/sqkd/sqkd/build/Build/Products/Release-iphoneos/EmbyVision.app/PkgInfo -expandbuildsettings -format binary -platform iphoneos -scanforprivacyfile /Users/runner/work/sqkd/sqkd/build/Build/Products/Release-iphoneos/EmbyVision.app/Frameworks/Libavcodec.framework -scanforprivacyfile /Users/runner/work/sqkd/sqkd/build/Build/Products/Release-iphoneos/EmbyVision.app/Frameworks/Libavdevice.framework -scanforprivacyfile /Users/runner/work/sqkd/sqkd/build/Build/Products/Release-iphoneos/EmbyVision.app/Frameworks/Libavfilter.framework -scanforprivacyfile /Users/runner/work/sqkd/sqkd/build/Build/Products/Release-iphoneos/EmbyVision.app/Frameworks/Libavformat.framework -scanforprivacyfile /Users/runner/work/sqkd/sqkd/build/Build/Products/Release-iphoneos/EmbyVision.app/Frameworks/Libavutil.framework -scanforprivacyfile /Users/runner/work/sqkd/sqkd/build/Build/Products/Release-iphoneos/EmbyVision.app/Frameworks/Libswresample.framework -scanforprivacyfile /Users/runner/work/sqkd/sqkd/build/Build/Products/Release-iphoneos/EmbyVision.app/Frameworks/Libswscale.framework -scanforprivacyfile /Users/runner/work/sqkd/sqkd/build/Build/Products/Release-iphoneos/EmbyVision.app/Frameworks/gmp.framework -scanforprivacyfile /Users/runner/work/sqkd/sqkd/build/Build/Products/Release-iphoneos/EmbyVision.app/Frameworks/gnutls.framework -scanforprivacyfile /Users/runner/work/sqkd/sqkd/build/Build/Products/Release-iphoneos/EmbyVision.app/Frameworks/hogweed.framework -scanforprivacyfile /Users/runner/work/sqkd/sqkd/build/Build/Products/Release-iphoneos/EmbyVision.app/Frameworks/lcms2.framework -scanforprivacyfile /Users/runner/work/sqkd/sqkd/build/Build/Products/Release-iphoneos/EmbyVision.app/Frameworks/libass.framework -scanforprivacyfile /Users/runner/work/sqkd/sqkd/build/Build/Products/Release-iphoneos/EmbyVision.app/Frameworks/libdav1d.framework -scanforprivacyfile /Users/runner/work/sqkd/sqkd/build/Build/Products/Release-iphoneos/EmbyVision.app/Frameworks/libfontconfig.framework -scanforprivacyfile /Users/runner/work/sqkd/sqkd/build/Build/Products/Release-iphoneos/EmbyVision.app/Frameworks/libfreetype.framework -scanforprivacyfile /Users/runner/work/sqkd/sqkd/build/Build/Products/Release-iphoneos/EmbyVision.app/Frameworks/libfribidi.framework -scanforprivacyfile /Users/runner/work/sqkd/sqkd/build/Build/Products/Release-iphoneos/EmbyVision.app/Frameworks/libharfbuzz.framework -scanforprivacyfile /Users/runner/work/sqkd/sqkd/build/Build/Products/Release-iphoneos/EmbyVision.app/Frameworks/libplacebo.framework -scanforprivacyfile /Users/runner/work/sqkd/sqkd/build/Build/Products/Release-iphoneos/EmbyVision.app/Frameworks/libshaderc_combined.framework -scanforprivacyfile /Users/runner/work/sqkd/sqkd/build/Build/Products/Release-iphoneos/EmbyVision.app/Frameworks/libsmbclient.framework -scanforprivacyfile /Users/runner/work/sqkd/sqkd/build/Build/Products/Release-iphoneos/EmbyVision.app/Frameworks/libsrt.framework -scanforprivacyfile /Users/runner/work/sqkd/sqkd/build/Build/Products/Release-iphoneos/EmbyVision.app/Frameworks/libzvbi.framework -scanforprivacyfile /Users/runner/work/sqkd/sqkd/build/Build/Products/Release-iphoneos/EmbyVision.app/Frameworks/nettle.framework -scanforprivacyfile /Users/runner/work/sqkd/sqkd/build/Build/Products/Release-iphoneos/EmbyVision.app/KSPlayer_KSPlayer.bundle -requiredArchitecture arm64 -o /Users/runner/work/sqkd/sqkd/build/Build/Products/Release-iphoneos/EmbyVision.app/Info.plist

CodeSign /Users/runner/work/sqkd/sqkd/build/Build/Products/Release-iphoneos/EmbyVision.app/Frameworks/libplacebo.framework (in target 'EmbyVision' from project 'EmbyVision')
    cd /Users/runner/work/sqkd/sqkd
    
    Signing Identity:     "Sign to Run Locally"
    
    /usr/bin/codesign --force --sign - --timestamp\=none --preserve-metadata\=identifier,entitlements,flags --generate-entitlement-der /Users/runner/work/sqkd/sqkd/build/Build/Products/Release-iphoneos/EmbyVision.app/Frameworks/libplacebo.framework
/Users/runner/work/sqkd/sqkd/build/Build/Products/Release-iphoneos/EmbyVision.app/Frameworks/libplacebo.framework: replacing existing signature

CodeSign /Users/runner/work/sqkd/sqkd/build/Build/Products/Release-iphoneos/EmbyVision.app/Frameworks/libharfbuzz.framework (in target 'EmbyVision' from project 'EmbyVision')
    cd /Users/runner/work/sqkd/sqkd
    
    Signing Identity:     "Sign to Run Locally"
    
    /usr/bin/codesign --force --sign - --timestamp\=none --preserve-metadata\=identifier,entitlements,flags --generate-entitlement-der /Users/runner/work/sqkd/sqkd/build/Build/Products/Release-iphoneos/EmbyVision.app/Frameworks/libharfbuzz.framework
/Users/runner/work/sqkd/sqkd/build/Build/Products/Release-iphoneos/EmbyVision.app/Frameworks/libharfbuzz.framework: replacing existing signature

CodeSign /Users/runner/work/sqkd/sqkd/build/Build/Products/Release-iphoneos/EmbyVision.app/Frameworks/libfribidi.framework (in target 'EmbyVision' from project 'EmbyVision')
    cd /Users/runner/work/sqkd/sqkd
    
    Signing Identity:     "Sign to Run Locally"
    
    /usr/bin/codesign --force --sign - --timestamp\=none --preserve-metadata\=identifier,entitlements,flags --generate-entitlement-der /Users/runner/work/sqkd/sqkd/build/Build/Products/Release-iphoneos/EmbyVision.app/Frameworks/libfribidi.framework
/Users/runner/work/sqkd/sqkd/build/Build/Products/Release-iphoneos/EmbyVision.app/Frameworks/libfribidi.framework: replacing existing signature

CodeSign /Users/runner/work/sqkd/sqkd/build/Build/Products/Release-iphoneos/EmbyVision.app/Frameworks/libfreetype.framework (in target 'EmbyVision' from project 'EmbyVision')
    cd /Users/runner/work/sqkd/sqkd
    
    Signing Identity:     "Sign to Run Locally"
    
    /usr/bin/codesign --force --sign - --timestamp\=none --preserve-metadata\=identifier,entitlements,flags --generate-entitlement-der /Users/runner/work/sqkd/sqkd/build/Build/Products/Release-iphoneos/EmbyVision.app/Frameworks/libfreetype.framework
/Users/runner/work/sqkd/sqkd/build/Build/Products/Release-iphoneos/EmbyVision.app/Frameworks/libfreetype.framework: replacing existing signature

CodeSign /Users/runner/work/sqkd/sqkd/build/Build/Products/Release-iphoneos/EmbyVision.app/Frameworks/libfontconfig.framework (in target 'EmbyVision' from project 'EmbyVision')
    cd /Users/runner/work/sqkd/sqkd
    
    Signing Identity:     "Sign to Run Locally"
    
    /usr/bin/codesign --force --sign - --timestamp\=none --preserve-metadata\=identifier,entitlements,flags --generate-entitlement-der /Users/runner/work/sqkd/sqkd/build/Build/Products/Release-iphoneos/EmbyVision.app/Frameworks/libfontconfig.framework
/Users/runner/work/sqkd/sqkd/build/Build/Products/Release-iphoneos/EmbyVision.app/Frameworks/libfontconfig.framework: replacing existing signature

CodeSign /Users/runner/work/sqkd/sqkd/build/Build/Products/Release-iphoneos/EmbyVision.app/Frameworks/libdav1d.framework (in target 'EmbyVision' from project 'EmbyVision')
    cd /Users/runner/work/sqkd/sqkd
    
    Signing Identity:     "Sign to Run Locally"
    
    /usr/bin/codesign --force --sign - --timestamp\=none --preserve-metadata\=identifier,entitlements,flags --generate-entitlement-der /Users/runner/work/sqkd/sqkd/build/Build/Products/Release-iphoneos/EmbyVision.app/Frameworks/libdav1d.framework
/Users/runner/work/sqkd/sqkd/build/Build/Products/Release-iphoneos/EmbyVision.app/Frameworks/libdav1d.framework: replacing existing signature

CodeSign /Users/runner/work/sqkd/sqkd/build/Build/Products/Release-iphoneos/EmbyVision.app/Frameworks/libass.framework (in target 'EmbyVision' from project 'EmbyVision')
    cd /Users/runner/work/sqkd/sqkd
    
    Signing Identity:     "Sign to Run Locally"
    
    /usr/bin/codesign --force --sign - --timestamp\=none --preserve-metadata\=identifier,entitlements,flags --generate-entitlement-der /Users/runner/work/sqkd/sqkd/build/Build/Products/Release-iphoneos/EmbyVision.app/Frameworks/libass.framework
/Users/runner/work/sqkd/sqkd/build/Build/Products/Release-iphoneos/EmbyVision.app/Frameworks/libass.framework: replacing existing signature

CodeSign /Users/runner/work/sqkd/sqkd/build/Build/Products/Release-iphoneos/EmbyVision.app/Frameworks/lcms2.framework (in target 'EmbyVision' from project 'EmbyVision')
    cd /Users/runner/work/sqkd/sqkd
    
    Signing Identity:     "Sign to Run Locally"
    
    /usr/bin/codesign --force --sign - --timestamp\=none --preserve-metadata\=identifier,entitlements,flags --generate-entitlement-der /Users/runner/work/sqkd/sqkd/build/Build/Products/Release-iphoneos/EmbyVision.app/Frameworks/lcms2.framework
/Users/runner/work/sqkd/sqkd/build/Build/Products/Release-iphoneos/EmbyVision.app/Frameworks/lcms2.framework: replacing existing signature

CodeSign /Users/runner/work/sqkd/sqkd/build/Build/Products/Release-iphoneos/EmbyVision.app/Frameworks/hogweed.framework (in target 'EmbyVision' from project 'EmbyVision')
    cd /Users/runner/work/sqkd/sqkd
    
    Signing Identity:     "Sign to Run Locally"
    
    /usr/bin/codesign --force --sign - --timestamp\=none --preserve-metadata\=identifier,entitlements,flags --generate-entitlement-der /Users/runner/work/sqkd/sqkd/build/Build/Products/Release-iphoneos/EmbyVision.app/Frameworks/hogweed.framework
/Users/runner/work/sqkd/sqkd/build/Build/Products/Release-iphoneos/EmbyVision.app/Frameworks/hogweed.framework: replacing existing signature

CodeSign /Users/runner/work/sqkd/sqkd/build/Build/Products/Release-iphoneos/EmbyVision.app/Frameworks/gnutls.framework (in target 'EmbyVision' from project 'EmbyVision')
    cd /Users/runner/work/sqkd/sqkd
    
    Signing Identity:     "Sign to Run Locally"
    
    /usr/bin/codesign --force --sign - --timestamp\=none --preserve-metadata\=identifier,entitlements,flags --generate-entitlement-der /Users/runner/work/sqkd/sqkd/build/Build/Products/Release-iphoneos/EmbyVision.app/Frameworks/gnutls.framework
/Users/runner/work/sqkd/sqkd/build/Build/Products/Release-iphoneos/EmbyVision.app/Frameworks/gnutls.framework: replacing existing signature

CodeSign /Users/runner/work/sqkd/sqkd/build/Build/Products/Release-iphoneos/EmbyVision.app/Frameworks/gmp.framework (in target 'EmbyVision' from project 'EmbyVision')
    cd /Users/runner/work/sqkd/sqkd
    
    Signing Identity:     "Sign to Run Locally"
    
    /usr/bin/codesign --force --sign - --timestamp\=none --preserve-metadata\=identifier,entitlements,flags --generate-entitlement-der /Users/runner/work/sqkd/sqkd/build/Build/Products/Release-iphoneos/EmbyVision.app/Frameworks/gmp.framework
/Users/runner/work/sqkd/sqkd/build/Build/Products/Release-iphoneos/EmbyVision.app/Frameworks/gmp.framework: replacing existing signature

CodeSign /Users/runner/work/sqkd/sqkd/build/Build/Products/Release-iphoneos/EmbyVision.app/Frameworks/Libswscale.framework (in target 'EmbyVision' from project 'EmbyVision')
    cd /Users/runner/work/sqkd/sqkd
    
    Signing Identity:     "Sign to Run Locally"
    
    /usr/bin/codesign --force --sign - --timestamp\=none --preserve-metadata\=identifier,entitlements,flags --generate-entitlement-der /Users/runner/work/sqkd/sqkd/build/Build/Products/Release-iphoneos/EmbyVision.app/Frameworks/Libswscale.framework
/Users/runner/work/sqkd/sqkd/build/Build/Products/Release-iphoneos/EmbyVision.app/Frameworks/Libswscale.framework: replacing existing signature

CodeSign /Users/runner/work/sqkd/sqkd/build/Build/Products/Release-iphoneos/EmbyVision.app/Frameworks/Libswresample.framework (in target 'EmbyVision' from project 'EmbyVision')
    cd /Users/runner/work/sqkd/sqkd
    
    Signing Identity:     "Sign to Run Locally"
    
    /usr/bin/codesign --force --sign - --timestamp\=none --preserve-metadata\=identifier,entitlements,flags --generate-entitlement-der /Users/runner/work/sqkd/sqkd/build/Build/Products/Release-iphoneos/EmbyVision.app/Frameworks/Libswresample.framework
/Users/runner/work/sqkd/sqkd/build/Build/Products/Release-iphoneos/EmbyVision.app/Frameworks/Libswresample.framework: replacing existing signature

CodeSign /Users/runner/work/sqkd/sqkd/build/Build/Products/Release-iphoneos/EmbyVision.app/Frameworks/Libavutil.framework (in target 'EmbyVision' from project 'EmbyVision')
    cd /Users/runner/work/sqkd/sqkd
    
    Signing Identity:     "Sign to Run Locally"
    
    /usr/bin/codesign --force --sign - --timestamp\=none --preserve-metadata\=identifier,entitlements,flags --generate-entitlement-der /Users/runner/work/sqkd/sqkd/build/Build/Products/Release-iphoneos/EmbyVision.app/Frameworks/Libavutil.framework
/Users/runner/work/sqkd/sqkd/build/Build/Products/Release-iphoneos/EmbyVision.app/Frameworks/Libavutil.framework: replacing existing signature

CodeSign /Users/runner/work/sqkd/sqkd/build/Build/Products/Release-iphoneos/EmbyVision.app/Frameworks/Libavformat.framework (in target 'EmbyVision' from project 'EmbyVision')
    cd /Users/runner/work/sqkd/sqkd
    
    Signing Identity:     "Sign to Run Locally"
    
    /usr/bin/codesign --force --sign - --timestamp\=none --preserve-metadata\=identifier,entitlements,flags --generate-entitlement-der /Users/runner/work/sqkd/sqkd/build/Build/Products/Release-iphoneos/EmbyVision.app/Frameworks/Libavformat.framework
/Users/runner/work/sqkd/sqkd/build/Build/Products/Release-iphoneos/EmbyVision.app/Frameworks/Libavformat.framework: replacing existing signature

CodeSign /Users/runner/work/sqkd/sqkd/build/Build/Products/Release-iphoneos/EmbyVision.app/Frameworks/Libavfilter.framework (in target 'EmbyVision' from project 'EmbyVision')
    cd /Users/runner/work/sqkd/sqkd
    
    Signing Identity:     "Sign to Run Locally"
    
    /usr/bin/codesign --force --sign - --timestamp\=none --preserve-metadata\=identifier,entitlements,flags --generate-entitlement-der /Users/runner/work/sqkd/sqkd/build/Build/Products/Release-iphoneos/EmbyVision.app/Frameworks/Libavfilter.framework
/Users/runner/work/sqkd/sqkd/build/Build/Products/Release-iphoneos/EmbyVision.app/Frameworks/Libavfilter.framework: replacing existing signature

CodeSign /Users/runner/work/sqkd/sqkd/build/Build/Products/Release-iphoneos/EmbyVision.app/Frameworks/Libavdevice.framework (in target 'EmbyVision' from project 'EmbyVision')
    cd /Users/runner/work/sqkd/sqkd
    
    Signing Identity:     "Sign to Run Locally"
    
    /usr/bin/codesign --force --sign - --timestamp\=none --preserve-metadata\=identifier,entitlements,flags --generate-entitlement-der /Users/runner/work/sqkd/sqkd/build/Build/Products/Release-iphoneos/EmbyVision.app/Frameworks/Libavdevice.framework
/Users/runner/work/sqkd/sqkd/build/Build/Products/Release-iphoneos/EmbyVision.app/Frameworks/Libavdevice.framework: replacing existing signature

CodeSign /Users/runner/work/sqkd/sqkd/build/Build/Products/Release-iphoneos/EmbyVision.app/Frameworks/Libavcodec.framework (in target 'EmbyVision' from project 'EmbyVision')
    cd /Users/runner/work/sqkd/sqkd
    
    Signing Identity:     "Sign to Run Locally"
    
    /usr/bin/codesign --force --sign - --timestamp\=none --preserve-metadata\=identifier,entitlements,flags --generate-entitlement-der /Users/runner/work/sqkd/sqkd/build/Build/Products/Release-iphoneos/EmbyVision.app/Frameworks/Libavcodec.framework
/Users/runner/work/sqkd/sqkd/build/Build/Products/Release-iphoneos/EmbyVision.app/Frameworks/Libavcodec.framework: replacing existing signature

note: Disabling previews because SWIFT_VERSION is set and SWIFT_OPTIMIZATION_LEVEL=-Owholemodule, expected -Onone (in target 'KSPlayer' from project 'KSPlayer')
note: Disabling previews because SWIFT_VERSION is set and SWIFT_OPTIMIZATION_LEVEL=-Owholemodule, expected -Onone (in target 'DisplayCriteria' from project 'KSPlayer')
note: Disabling previews because SWIFT_VERSION is set and SWIFT_OPTIMIZATION_LEVEL=-Owholemodule, expected -Onone (in target 'FFmpegKit' from project 'FFmpegKit')
note: Disabling previews because SWIFT_VERSION is set and SWIFT_OPTIMIZATION_LEVEL=-O, expected -Onone (in target 'EmbyVision' from project 'EmbyVision')
** BUILD FAILED **


The following build commands failed:
	CompileSwift normal arm64 (in target 'EmbyVision' from project 'EmbyVision')
	SwiftCompile normal arm64 Compiling\ AppEnvironment.swift,\ DirectPlayProfile.swift,\ EmbyAPIService.swift,\ EmbyItem.swift,\ EmbyServer.swift,\ EmbyVisionApp.swift,\ KSVideoPlayerRepresentable.swift,\ LibraryHomeView.swift,\ MediaCardView.swift,\ MediaDetailView.swift,\ MediaStream.swift,\ PlaybackInfo.swift,\ PlaybackSyncManager.swift,\ PlayerOverlayView.swift,\ ServerLoginView.swift,\ SettingsView.swift,\ VideoPlayerContainerView.swift /Users/runner/work/sqkd/sqkd/EmbyVision/App/AppEnvironment.swift /Users/runner/work/sqkd/sqkd/EmbyVision/Services/DirectPlayProfile.swift /Users/runner/work/sqkd/sqkd/EmbyVision/Services/EmbyAPIService.swift /Users/runner/work/sqkd/sqkd/EmbyVision/Models/EmbyItem.swift /Users/runner/work/sqkd/sqkd/EmbyVision/Models/EmbyServer.swift /Users/runner/work/sqkd/sqkd/EmbyVision/App/EmbyVisionApp.swift /Users/runner/work/sqkd/sqkd/EmbyVision/Views/Player/KSVideoPlayerRepresentable.swift /Users/runner/work/sqkd/sqkd/EmbyVision/Views/Library/LibraryHomeView.swift /Users/runner/work/sqkd/sqkd/EmbyVision/Views/Library/MediaCardView.swift /Users/runner/work/sqkd/sqkd/EmbyVision/Views/Library/MediaDetailView.swift /Users/runner/work/sqkd/sqkd/EmbyVision/Models/MediaStream.swift /Users/runner/work/sqkd/sqkd/EmbyVision/Models/PlaybackInfo.swift /Users/runner/work/sqkd/sqkd/EmbyVision/Services/PlaybackSyncManager.swift /Users/runner/work/sqkd/sqkd/EmbyVision/Views/Player/PlayerOverlayView.swift /Users/runner/work/sqkd/sqkd/EmbyVision/Views/Server/ServerLoginView.swift /Users/runner/work/sqkd/sqkd/EmbyVision/Views/Settings/SettingsView.swift /Users/runner/work/sqkd/sqkd/EmbyVision/Views/Player/VideoPlayerContainerView.swift (in target 'EmbyVision' from project 'EmbyVision')
	Building project EmbyVision with scheme EmbyVision and configuration Release
(3 failures)
